transaction_id,procedure_id,trans_group_id,trans_group_ar,trans_group_en,procedure_name_ar,procedure_name_en,instance_date,property_type_id,property_type_ar,property_type_en,property_sub_type_id,property_sub_type_ar,property_sub_type_en,property_usage_ar,property_usage_en,reg_type_id,reg_type_ar,reg_type_en,area_id,area_name_ar,area_name_en,building_name_ar,building_name_en,project_number,project_name_ar,project_name_en,master_project_en,master_project_ar,nearest_landmark_ar,nearest_landmark_en,nearest_metro_ar,nearest_metro_en,nearest_mall_ar,nearest_mall_en,rooms_ar,rooms_en,has_parking,procedure_area,actual_worth,meter_sale_price,rent_value,meter_rent_price,no_of_parties_role_1,no_of_parties_role_2,no_of_parties_role_3,,
3-9-2006-163,9,3,Ù‡Ø¨Ø§Øª,Gifts,Ù‡Ø¨Ù‡,Grant,16/10/2006,4,ÙÙŠÙ„Ø§,Villa,null,,,Ø³ÙƒÙ†ÙŠ,Residential,1,Ø§Ù„Ø¹Ù‚Ø§Ø±Ø§Øª Ø§Ù„Ù‚Ø§Ø¦Ù…Ø©,Existing Properties,278,Ù…Ù†Ø®ÙˆÙ„,Mankhool,,,null,,,,,Ø¨Ø±Ø¬ Ø®Ù„ÙŠÙØ©,Burj Khalifa,Ù…Ø­Ø·Ø© Ù…ØªØ±Ùˆ Ø¨Ù†Ùƒ Ø£Ø¨ÙˆØ¸Ø¨ÙŠ Ø§Ù„ØªØ¬Ø§Ø±ÙŠ,ADCB Metro Station,Ù…ÙˆÙ„ Ø¯Ø¨ÙŠ,Dubai Mall,,,0,3162.42,12000000,3794.56,null,null,3,1,0,,
3-9-2019-2944,9,3,Ù‡Ø¨Ø§Øª,Gifts,Ù‡Ø¨Ù‡,Grant,13/11/2019,1,Ø£Ø±Ø¶,Land,null,,,Ø³ÙƒÙ†ÙŠ,Residential,1,Ø§Ù„Ø¹Ù‚Ø§Ø±Ø§Øª Ø§Ù„Ù‚Ø§Ø¦Ù…Ø©,Existing Properties,278,Ù…Ù†Ø®ÙˆÙ„,Mankhool,,,null,,,,,Ø¨Ø±Ø¬ Ø®Ù„ÙŠÙØ©,Burj Khalifa,Ù…Ø­Ø·Ø© Ù…ØªØ±Ùˆ Ø¨Ù†Ùƒ Ø£Ø¨ÙˆØ¸Ø¨ÙŠ Ø§Ù„ØªØ¬Ø§Ø±ÙŠ,ADCB Metro Station,Ù…ÙˆÙ„ Ø¯Ø¨ÙŠ,Dubai Mall,,,0,209.09,916659,4384.04,null,null,2,4,0,,
2-13-2001-690,13,2,Ø±Ù‡ÙˆÙ†,Mortgages,ØªØ³Ø¬ÙŠÙ„ Ø±Ù‡Ù†,Mortgage Registration,20/08/2001,2,Ù…Ø¨Ù†Ù‰,Building,null,,,Ø³ÙƒÙ†ÙŠ / ØªØ¬Ø§Ø±ÙŠ,Residential / Commercial,1,Ø§Ù„Ø¹Ù‚Ø§Ø±Ø§Øª Ø§Ù„Ù‚Ø§Ø¦Ù…Ø©,Existing Properties,388,Ø¹ÙˆØ¯ Ù…ÙŠØ«Ø§,Oud Metha,,,null,,,,,Ø¨Ø±Ø¬ Ø®Ù„ÙŠÙØ©,Burj Khalifa,Ù…Ø­Ø·Ø© Ù…ØªØ±Ùˆ Ø¹ÙˆØ¯ Ù…ÙŠØ«Ø§Ø¡,Oud Metha Metro Station,Ù…ÙˆÙ„ Ø¯Ø¨ÙŠ,Dubai Mall,,,0,1337.8,4519342,3378.19,null,null,1,1,0,,
2-13-2020-9477,13,2,Ø±Ù‡ÙˆÙ†,Mortgages,ØªØ³Ø¬ÙŠÙ„ Ø±Ù‡Ù†,Mortgage Registration,30/11/2020,2,Ù…Ø¨Ù†Ù‰,Building,null,,,Ø³ÙƒÙ†ÙŠ,Residential,1,Ø§Ù„Ø¹Ù‚Ø§Ø±Ø§Øª Ø§Ù„Ù‚Ø§Ø¦Ù…Ø©,Existing Properties,276,Ø§Ù„Ø¨Ø¯Ø¹,Al Bada,,,null,,,,,Ø¨Ø±Ø¬ Ø®Ù„ÙŠÙØ©,Burj Khalifa,Ù…Ø­Ø·Ø© Ù…ØªØ±Ùˆ Ø§Ù„Ù…Ø±ÙƒØ² Ø§Ù„ØªØ¬Ø§Ø±ÙŠ,Trade Centre Metro Station,Ù…ÙˆÙ„ Ø¯Ø¨ÙŠ,Dubai Mall,,,0,278.71,2500000,8969.9,null,null,1,1,0,,
2-13-1999-532,13,2,Ø±Ù‡ÙˆÙ†,Mortgages,ØªØ³Ø¬ÙŠÙ„ Ø±Ù‡Ù†,Mortgage Registration,26/04/1999,4,ÙÙŠÙ„Ø§,Villa,null,,,Ø³ÙƒÙ†ÙŠ,Residential,1,Ø§Ù„Ø¹Ù‚Ø§Ø±Ø§Øª Ø§Ù„Ù‚Ø§Ø¦Ù…Ø©,Existing Properties,276,Ø§Ù„Ø¨Ø¯Ø¹,Al Bada,,,null,,,,,Ø¨Ø±Ø¬ Ø®Ù„ÙŠÙØ©,Burj Khalifa,Ù…Ø­Ø·Ø© Ù…ØªØ±Ùˆ Ø§Ù„Ù…Ø±ÙƒØ² Ø§Ù„ØªØ¬Ø§Ø±ÙŠ,Trade Centre Metro Station,Ù…ÙˆÙ„ Ø¯Ø¨ÙŠ,Dubai Mall,,,0,3626.93,1900000,523.86,null,null,1,1,0,,
2-13-1998-354,13,2,Ø±Ù‡ÙˆÙ†,Mortgages,ØªØ³Ø¬ÙŠÙ„ Ø±Ù‡Ù†,Mortgage Registration,01/07/1998,2,Ù…Ø¨Ù†Ù‰,Building,null,,,Ø³ÙƒÙ†ÙŠ / ØªØ¬Ø§Ø±ÙŠ,Residential / Commercial,1,Ø§Ù„Ø¹Ù‚Ø§Ø±Ø§Øª Ø§Ù„Ù‚Ø§Ø¦Ù…Ø©,Existing Properties,271,Ø§Ù„ÙƒØ±Ø§Ù…Ù‡,Al Karama,,,null,,,,,Ù…Ø·Ø§Ø± Ø¯Ø¨ÙŠ Ø§Ù„Ø¯ÙˆÙ„ÙŠ,Dubai International Airport,Ù…Ø­Ø·Ø© Ù…ØªØ±Ùˆ Ø¨Ù†Ùƒ Ø£Ø¨ÙˆØ¸Ø¨ÙŠ Ø§Ù„ØªØ¬Ø§Ø±ÙŠ,ADCB Metro Station,Ù…ÙˆÙ„ Ø¯Ø¨ÙŠ,Dubai Mall,,,0,929.03,5000000,5381.96,null,null,1,1,0,,
2-13-2007-1077,13,2,Ø±Ù‡ÙˆÙ†,Mortgages,ØªØ³Ø¬ÙŠÙ„ Ø±Ù‡Ù†,Mortgage Registration,07/06/2007,2,Ù…Ø¨Ù†Ù‰,Building,null,,,Ø³ÙƒÙ†ÙŠ,Residential,1,Ø§Ù„Ø¹Ù‚Ø§Ø±Ø§Øª Ø§Ù„Ù‚Ø§Ø¦Ù…Ø©,Existing Properties,271,Ø§Ù„ÙƒØ±Ø§Ù…Ù‡,Al Karama,,,null,,,,,Ø¨Ø±Ø¬ Ø®Ù„ÙŠÙØ©,Burj Khalifa,Ù…Ø­Ø·Ø© Ù…ØªØ±Ùˆ Ø¨Ù†Ùƒ Ø£Ø¨ÙˆØ¸Ø¨ÙŠ Ø§Ù„ØªØ¬Ø§Ø±ÙŠ,ADCB Metro Station,Ù…ÙˆÙ„ Ø¯Ø¨ÙŠ,Dubai Mall,,,0,211.35,1849364,8750.24,null,null,1,1,0,,
2-13-2006-578,13,2,Ø±Ù‡ÙˆÙ†,Mortgages,ØªØ³Ø¬ÙŠÙ„ Ø±Ù‡Ù†,Mortgage Registration,15/05/2006,2,Ù…Ø¨Ù†Ù‰,Building,null,,,Ø³ÙƒÙ†ÙŠ,Residential,1,Ø§Ù„Ø¹Ù‚Ø§Ø±Ø§Øª Ø§Ù„Ù‚Ø§Ø¦Ù…Ø©,Existing Properties,271,Ø§Ù„ÙƒØ±Ø§Ù…Ù‡,Al Karama,,,null,,,,,Ø¨Ø±Ø¬ Ø®Ù„ÙŠÙØ©,Burj Khalifa,Ù…Ø­Ø·Ø© Ù…ØªØ±Ùˆ Ø¨Ù†Ùƒ Ø£Ø¨ÙˆØ¸Ø¨ÙŠ Ø§Ù„ØªØ¬Ø§Ø±ÙŠ,ADCB Metro Station,Ù…ÙˆÙ„ Ø¯Ø¨ÙŠ,Dubai Mall,,,0,211.35,1200000,5677.79,null,null,1,1,0,,
1-11-2025-37635,11,1,Ù…Ø¨Ø§ÙŠØ¹Ø§Øª,Sales,Ø¨ÙŠØ¹,Sell,09/09/2025,2,Ù…Ø¨Ù†Ù‰,Building,null,,,ØªØ¬Ø§Ø±ÙŠ,Commercial,1,Ø§Ù„Ø¹Ù‚Ø§Ø±Ø§Øª Ø§Ù„Ù‚Ø§Ø¦Ù…Ø©,Existing Properties,271,Ø§Ù„ÙƒØ±Ø§Ù…Ù‡,Al Karama,,,null,,,,,Ø¨Ø±Ø¬ Ø®Ù„ÙŠÙØ©,Burj Khalifa,Ù…Ø­Ø·Ø© Ù…ØªØ±Ùˆ Ø¨Ù†Ùƒ Ø£Ø¨ÙˆØ¸Ø¨ÙŠ Ø§Ù„ØªØ¬Ø§Ø±ÙŠ,ADCB Metro Station,Ù…ÙˆÙ„ Ø¯Ø¨ÙŠ,Dubai Mall,,,0,211.51,13386000,63287.79,null,null,1,1,0,,
1-11-2023-24638,11,1,Ù…Ø¨Ø§ÙŠØ¹Ø§Øª,Sales,Ø¨ÙŠØ¹,Sell,18/08/2023,2,Ù…Ø¨Ù†Ù‰,Building,null,,,Ø³ÙƒÙ†ÙŠ,Residential,1,Ø§Ù„Ø¹Ù‚Ø§Ø±Ø§Øª Ø§Ù„Ù‚Ø§Ø¦Ù…Ø©,Existing Properties,271,Ø§Ù„ÙƒØ±Ø§Ù…Ù‡,Al Karama,,,null,,,,,Ø¨Ø±Ø¬ Ø®Ù„ÙŠÙØ©,Burj Khalifa,Ù…Ø­Ø·Ø© Ù…ØªØ±Ùˆ Ø¨Ù†Ùƒ Ø£Ø¨ÙˆØ¸Ø¨ÙŠ Ø§Ù„ØªØ¬Ø§Ø±ÙŠ,ADCB Metro Station,Ù…ÙˆÙ„ Ø¯Ø¨ÙŠ,Dubai Mall,,,0,211.35,5000000,23657.44,null,null,14,1,0,,
2-13-2005-88,13,2,Ø±Ù‡ÙˆÙ†,Mortgages,ØªØ³Ø¬ÙŠÙ„ Ø±Ù‡Ù†,Mortgage Registration,07/02/2005,2,Ù…Ø¨Ù†Ù‰,Building,null,,,Ø³ÙƒÙ†ÙŠ / ØªØ¬Ø§Ø±ÙŠ,Residential / Commercial,1,Ø§Ù„Ø¹Ù‚Ø§Ø±Ø§Øª Ø§Ù„Ù‚Ø§Ø¦Ù…Ø©,Existing Properties,271,Ø§Ù„ÙƒØ±Ø§Ù…Ù‡,Al Karama,,,null,,,,,Ø¨Ø±Ø¬ Ø®Ù„ÙŠÙØ©,Burj Khalifa,Ù…Ø­Ø·Ø© Ù…ØªØ±Ùˆ Ø¨Ù†Ùƒ Ø£Ø¨ÙˆØ¸Ø¨ÙŠ Ø§Ù„ØªØ¬Ø§Ø±ÙŠ,ADCB Metro Station,Ù…ÙˆÙ„ Ø¯Ø¨ÙŠ,Dubai Mall,,,0,1969.54,4500000,2284.8,null,null,1,1,0,,
2-14-2010-301,14,2,Ø±Ù‡ÙˆÙ†,Mortgages,ØªØ¹Ø¯ÙŠÙ„ Ø±Ù‡Ù†,Modify Mortgage,01/07/2010,2,Ù…Ø¨Ù†Ù‰,Building,null,,,Ø³ÙƒÙ†ÙŠ / ØªØ¬Ø§Ø±ÙŠ,Residential / Commercial,1,Ø§Ù„Ø¹Ù‚Ø§Ø±Ø§Øª Ø§Ù„Ù‚Ø§Ø¦Ù…Ø©,Existing Properties,367,Ø§Ù„Ø³ÙˆÙ‚ Ø§Ù„ÙƒØ¨ÙŠØ±,Al Suq Al Kabeer,,,null,,,,,Ù…Ø·Ø§Ø± Ø¯Ø¨ÙŠ Ø§Ù„Ø¯ÙˆÙ„ÙŠ,Dubai International Airport,Ù…Ø­Ø·Ø© Ù…ØªØ±Ùˆ Ø§Ù„ØºØ¨ÙŠØ¨Ø©,Al Ghubaiba Metro Station,Ù…ÙˆÙ„ Ø¯Ø¨ÙŠ,Dubai Mall,,,0,964.15,42537080,44118.74,null,null,2,1,0,,
3-9-2010-187,9,3,Ù‡Ø¨Ø§Øª,Gifts,Ù‡Ø¨Ù‡,Grant,29/03/2010,2,Ù…Ø¨Ù†Ù‰,Building,null,,,Ø³ÙƒÙ†ÙŠ,Residential,1,Ø§Ù„Ø¹Ù‚Ø§Ø±Ø§Øª Ø§Ù„Ù‚Ø§Ø¦Ù…Ø©,Existing Properties,267,Ø§Ù„Ø±ÙØ§Ø¹Ù‡,Al Raffa,,,null,,,,,Ø¨Ø±Ø¬ Ø®Ù„ÙŠÙØ©,Burj Khalifa,Ù…Ø­Ø·Ø© Ù…ØªØ±Ùˆ Ø§Ù„ØºØ¨ÙŠØ¨Ø©,Al Ghubaiba Metro Station,Ù…ÙˆÙ„ Ø¯Ø¨ÙŠ,Dubai Mall,,,0,393.44,5395711,13714.19,null,null,1,1,0,,
1-11-2025-22014,11,1,Ù…Ø¨Ø§ÙŠØ¹Ø§Øª,Sales,Ø¨ÙŠØ¹,Sell,29/05/2025,2,Ù…Ø¨Ù†Ù‰,Building,null,,,Ø³ÙƒÙ†ÙŠ / ØªØ¬Ø§Ø±ÙŠ,Residential / Commercial,1,Ø§Ù„Ø¹Ù‚Ø§Ø±Ø§Øª Ø§Ù„Ù‚Ø§Ø¦Ù…Ø©,Existing Properties,269,Ø§Ù„Ø­Ù…Ø±ÙŠÙ‡,Al Hamriya,,,null,,,,,Ù…Ø·Ø§Ø± Ø¯Ø¨ÙŠ Ø§Ù„Ø¯ÙˆÙ„ÙŠ,Dubai International Airport,Ù…Ø­Ø·Ø© Ù…ØªØ±Ùˆ Ø¨Ø±Ø¬Ù…Ø§Ù†,Burjuman Metro Station,Ù…ÙˆÙ„ Ø¯Ø¨ÙŠ,Dubai Mall,,,0,5171.22,73500000,14213.28,null,null,1,1,0,,
2-14-2012-811,14,2,Ø±Ù‡ÙˆÙ†,Mortgages,ØªØ¹Ø¯ÙŠÙ„ Ø±Ù‡Ù†,Modify Mortgage,26/11/2012,2,Ù…Ø¨Ù†Ù‰,Building,null,,,Ø³ÙƒÙ†ÙŠ / ØªØ¬Ø§Ø±ÙŠ,Residential / Commercial,1,Ø§Ù„Ø¹Ù‚Ø§Ø±Ø§Øª Ø§Ù„Ù‚Ø§Ø¦Ù…Ø©,Existing Properties,269,Ø§Ù„Ø­Ù…Ø±ÙŠÙ‡,Al Hamriya,,,null,,,,,Ù…Ø·Ø§Ø± Ø¯Ø¨ÙŠ Ø§Ù„Ø¯ÙˆÙ„ÙŠ,Dubai International Airport,Ù…Ø­Ø·Ø© Ù…ØªØ±Ùˆ Ø¨Ø±Ø¬Ù…Ø§Ù†,Burjuman Metro Station,Ù…ÙˆÙ„ Ø¯Ø¨ÙŠ,Dubai Mall,,,0,5102.23,46112000,9037.62,null,null,8,1,0,,
2-14-2003-54,14,2,Ø±Ù‡ÙˆÙ†,Mortgages,ØªØ¹Ø¯ÙŠÙ„ Ø±Ù‡Ù†,Modify Mortgage,14/04/2003,2,Ù…Ø¨Ù†Ù‰,Building,null,,,Ø³ÙƒÙ†ÙŠ / ØªØ¬Ø§Ø±ÙŠ,Residential / Commercial,1,Ø§Ù„Ø¹Ù‚Ø§Ø±Ø§Øª Ø§Ù„Ù‚Ø§Ø¦Ù…Ø©,Existing Properties,266,Ø§Ù„Ø³Ø·ÙˆÙ‡,Al Satwa,,,null,,,,,Ø¨Ø±Ø¬ Ø®Ù„ÙŠÙØ©,Burj Khalifa,Ù…Ø­Ø·Ø© Ù…ØªØ±Ùˆ Ø§Ù„Ù…Ø±ÙƒØ² Ø§Ù„ØªØ¬Ø§Ø±ÙŠ,Trade Centre Metro Station,Ù…ÙˆÙ„ Ø¯Ø¨ÙŠ,Dubai Mall,,,0,358.05,500000,1396.45,null,null,1,1,0,,
3-9-2025-3468,9,3,Ù‡Ø¨Ø§Øª,Gifts,Ù‡Ø¨Ù‡,Grant,12/06/2025,2,Ù…Ø¨Ù†Ù‰,Building,null,,,Ø³ÙƒÙ†ÙŠ,Residential,1,Ø§Ù„Ø¹Ù‚Ø§Ø±Ø§Øª Ø§Ù„Ù‚Ø§Ø¦Ù…Ø©,Existing Properties,266,Ø§Ù„Ø³Ø·ÙˆÙ‡,Al Satwa,,,null,,,,,Ø¨Ø±Ø¬ Ø®Ù„ÙŠÙØ©,Burj Khalifa,Ù…Ø­Ø·Ø© Ù…ØªØ±Ùˆ Ø§Ù„Ù…Ø±ÙƒØ² Ø§Ù„ØªØ¬Ø§Ø±ÙŠ,Trade Centre Metro Station,Ù…ÙˆÙ„ Ø¯Ø¨ÙŠ,Dubai Mall,,,0,105.29,2000001,18995.17,null,null,1,2,0,,
1-11-2002-249,11,1,Ù…Ø¨Ø§ÙŠØ¹Ø§Øª,Sales,Ø¨ÙŠØ¹,Sell,11/02/2002,4,ÙÙŠÙ„Ø§,Villa,null,,,Ø³ÙƒÙ†ÙŠ,Residential,1,Ø§Ù„Ø¹Ù‚Ø§Ø±Ø§Øª Ø§Ù„Ù‚Ø§Ø¦Ù…Ø©,Existing Properties,266,Ø§Ù„Ø³Ø·ÙˆÙ‡,Al Satwa,,,null,,,,,Ø¨Ø±Ø¬ Ø®Ù„ÙŠÙØ©,Burj Khalifa,Ù…Ø­Ø·Ø© Ù…ØªØ±Ùˆ Ø§Ù„Ù…Ø±ÙƒØ² Ø§Ù„ØªØ¬Ø§Ø±ÙŠ,Trade Centre Metro Station,Ù…ÙˆÙ„ Ø¯Ø¨ÙŠ,Dubai Mall,,,0,232.26,600000,2583.31,null,null,4,1,0,,
1-11-2023-19347,11,1,Ù…Ø¨Ø§ÙŠØ¹Ø§Øª,Sales,Ø¨ÙŠØ¹,Sell,22/06/2023,1,Ø£Ø±Ø¶,Land,null,,,Ø³ÙƒÙ†ÙŠ,Residential,1,Ø§Ù„Ø¹Ù‚Ø§Ø±Ø§Øª Ø§Ù„Ù‚Ø§Ø¦Ù…Ø©,Existing Properties,266,Ø§Ù„Ø³Ø·ÙˆÙ‡,Al Satwa,,,null,,,,,Ø¨Ø±Ø¬ Ø®Ù„ÙŠÙØ©,Burj Khalifa,Ù…Ø­Ø·Ø© Ù…ØªØ±Ùˆ Ø§Ù„Ù…Ø±ÙƒØ² Ø§Ù„ØªØ¬Ø§Ø±ÙŠ,Trade Centre Metro Station,Ù…ÙˆÙ„ Ø¯Ø¨ÙŠ,Dubai Mall,,,0,195.1,4000000,20502.31,null,null,4,3,0,,
1-11-2006-254,11,1,Ù…Ø¨Ø§ÙŠØ¹Ø§Øª,Sales,Ø¨ÙŠØ¹,Sell,27/02/2006,1,Ø£Ø±Ø¶,Land,null,,,Ø³ÙƒÙ†ÙŠ,Residential,1,Ø§Ù„Ø¹Ù‚Ø§Ø±Ø§Øª Ø§Ù„Ù‚Ø§Ø¦Ù…Ø©,Existing Properties,264,Ù†Ø¯ Ø§Ù„Ø­Ù…Ø±,Nad Al Hamar,,,null,,,,,Ù…Ø·Ø§Ø± Ø¯Ø¨ÙŠ Ø§Ù„Ø¯ÙˆÙ„ÙŠ,Dubai International Airport,Ù…Ø­Ø·Ø© Ù…ØªØ±Ùˆ Ø§Ù„Ø±Ø§Ø´Ø¯ÙŠØ©,Rashidiya Metro Station,Ø³ÙŠØªÙŠ Ø³Ù†ØªØ± Ù…Ø±Ø¯Ù,City Centre Mirdif,,,0,910.45,1519000,1668.41,null,null,1,1,0,,
1-11-2013-2580,11,1,Ù…Ø¨Ø§ÙŠØ¹Ø§Øª,Sales,Ø¨ÙŠØ¹,Sell,28/01/2013,1,Ø£Ø±Ø¶,Land,null,,,Ø³ÙƒÙ†ÙŠ,Residential,1,Ø§Ù„Ø¹Ù‚Ø§Ø±Ø§Øª Ø§Ù„Ù‚Ø§Ø¦Ù…Ø©,Existing Properties,264,Ù†Ø¯ Ø§Ù„Ø­Ù…Ø±,Nad Al Hamar,,,null,,,,,Ù…Ø·Ø§Ø± Ø¯Ø¨ÙŠ Ø§Ù„Ø¯ÙˆÙ„ÙŠ,Dubai International Airport,Ù…Ø­Ø·Ø© Ù…ØªØ±Ùˆ Ø§Ù„Ø±Ø§Ø´Ø¯ÙŠØ©,Rashidiya Metro Station,Ø³ÙŠØªÙŠ Ø³Ù†ØªØ± Ù…Ø±Ø¯Ù,City Centre Mirdif,,,0,1428.38,2921250,2045.15,null,null,10,2,0,,
1-11-2004-1548,11,1,Ù…Ø¨Ø§ÙŠØ¹Ø§Øª,Sales,Ø¨ÙŠØ¹,Sell,12/07/2004,1,Ø£Ø±Ø¶,Land,null,,,Ø³ÙƒÙ†ÙŠ,Residential,1,Ø§Ù„Ø¹Ù‚Ø§Ø±Ø§Øª Ø§Ù„Ù‚Ø§Ø¦Ù…Ø©,Existing Properties,264,Ù†Ø¯ Ø§Ù„Ø­Ù…Ø±,Nad Al Hamar,,,null,,,,,Ù…Ø·Ø§Ø± Ø¯Ø¨ÙŠ Ø§Ù„Ø¯ÙˆÙ„ÙŠ,Dubai International Airport,Ù…Ø­Ø·Ø© Ù…ØªØ±Ùˆ Ø§Ù„Ø±Ø§Ø´Ø¯ÙŠØ©,Rashidiya Metro Station,Ø³ÙŠØªÙŠ Ø³Ù†ØªØ± Ù…Ø±Ø¯Ù,City Centre Mirdif,,,0,1393.55,800000,574.07,null,null,1,1,0,,
2-13-1999-91,13,2,Ø±Ù‡ÙˆÙ†,Mortgages,ØªØ³Ø¬ÙŠÙ„ Ø±Ù‡Ù†,Mortgage Registration,08/02/1999,4,ÙÙŠÙ„Ø§,Villa,null,,,Ø³ÙƒÙ†ÙŠ,Residential,1,Ø§Ù„Ø¹Ù‚Ø§Ø±Ø§Øª Ø§Ù„Ù‚Ø§Ø¦Ù…Ø©,Existing Properties,264,Ù†Ø¯ Ø§Ù„Ø­Ù…Ø±,Nad Al Hamar,,,null,,,,,Ù…Ø·Ø§Ø± Ø¯Ø¨ÙŠ Ø§Ù„Ø¯ÙˆÙ„ÙŠ,Dubai International Airport,Ù…Ø­Ø·Ø© Ù…ØªØ±Ùˆ Ø§Ù„Ø±Ø§Ø´Ø¯ÙŠØ©,Rashidiya Metro Station,Ø³ÙŠØªÙŠ Ø³Ù†ØªØ± Ù…Ø±Ø¯Ù,City Centre Mirdif,,,0,1393.55,250000,179.4,null,null,1,1,0,,
2-13-2003-555,13,2,Ø±Ù‡ÙˆÙ†,Mortgages,ØªØ³Ø¬ÙŠÙ„ Ø±Ù‡Ù†,Mortgage Registration,28/07/2003,4,ÙÙŠÙ„Ø§,Villa,null,,,Ø³ÙƒÙ†ÙŠ,Residential,1,Ø§Ù„Ø¹Ù‚Ø§Ø±Ø§Øª Ø§Ù„Ù‚Ø§Ø¦Ù…Ø©,Existing Properties,264,Ù†Ø¯ Ø§Ù„Ø­Ù…Ø±,Nad Al Hamar,,,null,,,,,Ù…Ø·Ø§Ø± Ø¯Ø¨ÙŠ Ø§Ù„Ø¯ÙˆÙ„ÙŠ,Dubai International Airport,Ù…Ø­Ø·Ø© Ù…ØªØ±Ùˆ Ø§Ù„Ø±Ø§Ø´Ø¯ÙŠØ©,Rashidiya Metro Station,Ø³ÙŠØªÙŠ Ø³Ù†ØªØ± Ù…Ø±Ø¯Ù,City Centre Mirdif,,,0,1374.96,500000,363.65,null,null,1,1,0,,
2-13-1999-174,13,2,Ø±Ù‡ÙˆÙ†,Mortgages,ØªØ³Ø¬ÙŠÙ„ Ø±Ù‡Ù†,Mortgage Registration,22/02/1999,4,ÙÙŠÙ„Ø§,Villa,null,,,Ø³ÙƒÙ†ÙŠ,Residential,1,Ø§Ù„Ø¹Ù‚Ø§Ø±Ø§Øª Ø§Ù„Ù‚Ø§Ø¦Ù…Ø©,Existing Properties,264,Ù†Ø¯ Ø§Ù„Ø­Ù…Ø±,Nad Al Hamar,,,null,,,,,Ù…Ø·Ø§Ø± Ø¯Ø¨ÙŠ Ø§Ù„Ø¯ÙˆÙ„ÙŠ,Dubai International Airport,Ù…Ø­Ø·Ø© Ù…ØªØ±Ùˆ Ø§Ù„Ø±Ø§Ø´Ø¯ÙŠØ©,Rashidiya Metro Station,Ø³ÙŠØªÙŠ Ø³Ù†ØªØ± Ù…Ø±Ø¯Ù,City Centre Mirdif,,,0,1393.55,500000,358.8,null,null,1,1,0,,
2-13-1999-868,13,2,Ø±Ù‡ÙˆÙ†,Mortgages,ØªØ³Ø¬ÙŠÙ„ Ø±Ù‡Ù†,Mortgage Registration,09/06/1999,4,ÙÙŠÙ„Ø§,Villa,null,,,Ø³ÙƒÙ†ÙŠ,Residential,1,Ø§Ù„Ø¹Ù‚Ø§Ø±Ø§Øª Ø§Ù„Ù‚Ø§Ø¦Ù…Ø©,Existing Properties,264,Ù†Ø¯ Ø§Ù„Ø­Ù…Ø±,Nad Al Hamar,,,null,,,,,Ù…Ø·Ø§Ø± Ø¯Ø¨ÙŠ Ø§Ù„Ø¯ÙˆÙ„ÙŠ,Dubai International Airport,Ù…Ø­Ø·Ø© Ù…ØªØ±Ùˆ Ø§Ù„Ø±Ø§Ø´Ø¯ÙŠØ©,Rashidiya Metro Station,Ø³ÙŠØªÙŠ Ø³Ù†ØªØ± Ù…Ø±Ø¯Ù,City Centre Mirdif,,,0,1374.96,500000,363.65,null,null,1,1,0,,
2-13-2017-6703,13,2,Ø±Ù‡ÙˆÙ†,Mortgages,ØªØ³Ø¬ÙŠÙ„ Ø±Ù‡Ù†,Mortgage Registration,08/08/2017,4,ÙÙŠÙ„Ø§,Villa,null,,,Ø³ÙƒÙ†ÙŠ,Residential,1,Ø§Ù„Ø¹Ù‚Ø§Ø±Ø§Øª Ø§Ù„Ù‚Ø§Ø¦Ù…Ø©,Existing Properties,378,Ø§Ù„Ù‚Ø±Ù‡ÙˆØ¯,Al Garhoud,,,null,,,,,Ù…Ø·Ø§Ø± Ø¯Ø¨ÙŠ Ø§Ù„Ø¯ÙˆÙ„ÙŠ,Dubai International Airport,Ù…Ø­Ø·Ø© Ù…ØªØ±Ùˆ Ù…Ø¨Ù†Ù‰ Ø§Ù„Ù…Ø·Ø§Ø± Ø±Ù‚Ù… 1,Airport Terminal 1 Metro Station,Ø³ÙŠØªÙŠ Ø³Ù†ØªØ± Ù…Ø±Ø¯Ù,City Centre Mirdif,,,0,5537.02,20280000,3662.62,null,null,1,1,0,,
2-13-2025-26356,13,2,Ø±Ù‡ÙˆÙ†,Mortgages,ØªØ³Ø¬ÙŠÙ„ Ø±Ù‡Ù†,Mortgage Registration,15/09/2025,4,ÙÙŠÙ„Ø§,Villa,null,,,Ø³ÙƒÙ†ÙŠ,Residential,1,Ø§Ù„Ø¹Ù‚Ø§Ø±Ø§Øª Ø§Ù„Ù‚Ø§Ø¦Ù…Ø©,Existing Properties,231,Ø§Ù„Ù…Ù…Ø²Ø±,Al Mamzer,,,null,,,,,Ù…Ø·Ø§Ø± Ø¯Ø¨ÙŠ Ø§Ù„Ø¯ÙˆÙ„ÙŠ,Dubai International Airport,Ù…Ø­Ø·Ø© Ù…ØªØ±Ùˆ Ø§Ù„Ù‚ÙŠØ§Ø¯Ø©,Al Qiyadah Metro Station,,,,,0,7454.35,15000000,2012.25,null,null,9,1,0,,
1-11-1998-674,11,1,Ù…Ø¨Ø§ÙŠØ¹Ø§Øª,Sales,Ø¨ÙŠØ¹,Sell,01/07/1998,4,ÙÙŠÙ„Ø§,Villa,null,,,Ø³ÙƒÙ†ÙŠ,Residential,1,Ø§Ù„Ø¹Ù‚Ø§Ø±Ø§Øª Ø§Ù„Ù‚Ø§Ø¦Ù…Ø©,Existing Properties,231,Ø§Ù„Ù…Ù…Ø²Ø±,Al Mamzer,,,null,,,,,Ù…Ø·Ø§Ø± Ø¯Ø¨ÙŠ Ø§Ù„Ø¯ÙˆÙ„ÙŠ,Dubai International Airport,Ù…Ø­Ø·Ø© Ù…ØªØ±Ùˆ Ø§Ù„Ù‚ÙŠØ§Ø¯Ø©,Al Qiyadah Metro Station,,,,,0,1412.13,1520000,1076.39,null,null,1,1,0,,
1-11-2011-14707,11,1,Ù…Ø¨Ø§ÙŠØ¹Ø§Øª,Sales,Ø¨ÙŠØ¹,Sell,20/09/2011,2,Ù…Ø¨Ù†Ù‰,Building,null,,,Ø³ÙƒÙ†ÙŠ,Residential,1,Ø§Ù„Ø¹Ù‚Ø§Ø±Ø§Øª Ø§Ù„Ù‚Ø§Ø¦Ù…Ø©,Existing Properties,239,Ø§Ù„Ø¨Ø±Ø§Ø­Ù‡,Al Baraha,,,null,,,,,Ù…Ø·Ø§Ø± Ø¯Ø¨ÙŠ Ø§Ù„Ø¯ÙˆÙ„ÙŠ,Dubai International Airport,Ù…Ø­Ø·Ø© Ù…ØªØ±Ùˆ ØµÙ„Ø§Ø­ Ø§Ù„Ø¯ÙŠÙ†,Salah Al Din Metro Station,Ù…ÙˆÙ„ Ø¯Ø¨ÙŠ,Dubai Mall,,,0,152.18,3500000,22999.08,null,null,1,1,0,,
1-11-2007-3733,11,1,Ù…Ø¨Ø§ÙŠØ¹Ø§Øª,Sales,Ø¨ÙŠØ¹,Sell,10/12/2007,2,Ù…Ø¨Ù†Ù‰,Building,null,,,Ø³ÙƒÙ†ÙŠ,Residential,1,Ø§Ù„Ø¹Ù‚Ø§Ø±Ø§Øª Ø§Ù„Ù‚Ø§Ø¦Ù…Ø©,Existing Properties,239,Ø§Ù„Ø¨Ø±Ø§Ø­Ù‡,Al Baraha,,,null,,,,,Ù…Ø·Ø§Ø± Ø¯Ø¨ÙŠ Ø§Ù„Ø¯ÙˆÙ„ÙŠ,Dubai International Airport,Ù…Ø­Ø·Ø© Ù…ØªØ±Ùˆ ØµÙ„Ø§Ø­ Ø§Ù„Ø¯ÙŠÙ†,Salah Al Din Metro Station,Ù…ÙˆÙ„ Ø¯Ø¨ÙŠ,Dubai Mall,,,0,243.96,12000000,49188.39,null,null,1,1,0,,
1-11-2008-308,11,1,Ù…Ø¨Ø§ÙŠØ¹Ø§Øª,Sales,Ø¨ÙŠØ¹,Sell,23/01/2008,2,Ù…Ø¨Ù†Ù‰,Building,null,,,Ø³ÙƒÙ†ÙŠ,Residential,1,Ø§Ù„Ø¹Ù‚Ø§Ø±Ø§Øª Ø§Ù„Ù‚Ø§Ø¦Ù…Ø©,Existing Properties,239,Ø§Ù„Ø¨Ø±Ø§Ø­Ù‡,Al Baraha,,,null,,,,,Ù…Ø·Ø§Ø± Ø¯Ø¨ÙŠ Ø§Ù„Ø¯ÙˆÙ„ÙŠ,Dubai International Airport,Ù…Ø­Ø·Ø© Ù…ØªØ±Ùˆ ØµÙ„Ø§Ø­ Ø§Ù„Ø¯ÙŠÙ†,Salah Al Din Metro Station,,,,,0,225.29,11200000,49713.7,null,null,1,1,0,,
2-13-2009-942,13,2,Ø±Ù‡ÙˆÙ†,Mortgages,ØªØ³Ø¬ÙŠÙ„ Ø±Ù‡Ù†,Mortgage Registration,04/06/2009,4,ÙÙŠÙ„Ø§,Villa,null,,,Ø³ÙƒÙ†ÙŠ,Residential,1,Ø§Ù„Ø¹Ù‚Ø§Ø±Ø§Øª Ø§Ù„Ù‚Ø§Ø¦Ù…Ø©,Existing Properties,232,Ù…Ø±Ø¯Ù,Mirdif,,,null,,,,,Ù…Ø·Ø§Ø± Ø¯Ø¨ÙŠ Ø§Ù„Ø¯ÙˆÙ„ÙŠ,Dubai International Airport,Ù…Ø­Ø·Ø© Ù…ØªØ±Ùˆ Ø§Ù„Ø±Ø§Ø´Ø¯ÙŠØ©,Rashidiya Metro Station,Ø³ÙŠØªÙŠ Ø³Ù†ØªØ± Ù…Ø±Ø¯Ù,City Centre Mirdif,,,0,696.77,2000000,2870.39,null,null,1,1,0,,
1-11-2007-1000,11,1,Ù…Ø¨Ø§ÙŠØ¹Ø§Øª,Sales,Ø¨ÙŠØ¹,Sell,11/04/2007,2,Ù…Ø¨Ù†Ù‰,Building,null,,,ØªØ¬Ø§Ø±ÙŠ,Commercial,1,Ø§Ù„Ø¹Ù‚Ø§Ø±Ø§Øª Ø§Ù„Ù‚Ø§Ø¦Ù…Ø©,Existing Properties,242,Ø§Ù„Ø±Ø§Ø³,Al Ras,,,null,,,,,Ù…Ø·Ø§Ø± Ø¯Ø¨ÙŠ Ø§Ù„Ø¯ÙˆÙ„ÙŠ,Dubai International Airport,Ù…Ø­Ø·Ø© Ù…ØªØ±Ùˆ Ø§Ù„Ø±Ø§Ø³,Al Ras Metro Station,Ù…ÙˆÙ„ Ø¯Ø¨ÙŠ,Dubai Mall,,,0,241.08,3500000,14518,null,null,1,1,0,,
2-14-2005-168,14,2,Ø±Ù‡ÙˆÙ†,Mortgages,ØªØ¹Ø¯ÙŠÙ„ Ø±Ù‡Ù†,Modify Mortgage,18/07/2005,2,Ù…Ø¨Ù†Ù‰,Building,null,,,Ø³ÙƒÙ†ÙŠ / ØªØ¬Ø§Ø±ÙŠ,Residential / Commercial,1,Ø§Ù„Ø¹Ù‚Ø§Ø±Ø§Øª Ø§Ù„Ù‚Ø§Ø¦Ù…Ø©,Existing Properties,242,Ø§Ù„Ø±Ø§Ø³,Al Ras,,,null,,,,,Ù…Ø·Ø§Ø± Ø¯Ø¨ÙŠ Ø§Ù„Ø¯ÙˆÙ„ÙŠ,Dubai International Airport,Ù…Ø­Ø·Ø© Ù…ØªØ±Ùˆ Ø§Ù„Ø±Ø§Ø³,Al Ras Metro Station,Ù…ÙˆÙ„ Ø¯Ø¨ÙŠ,Dubai Mall,,,0,274.81,7000000,25472.14,null,null,2,1,0,,
1-11-2007-3742,11,1,Ù…Ø¨Ø§ÙŠØ¹Ø§Øª,Sales,Ø¨ÙŠØ¹,Sell,10/12/2007,2,Ù…Ø¨Ù†Ù‰,Building,null,,,Ø³ÙƒÙ†ÙŠ / ØªØ¬Ø§Ø±ÙŠ,Residential / Commercial,1,Ø§Ù„Ø¹Ù‚Ø§Ø±Ø§Øª Ø§Ù„Ù‚Ø§Ø¦Ù…Ø©,Existing Properties,242,Ø§Ù„Ø±Ø§Ø³,Al Ras,,,null,,,,,Ù…Ø·Ø§Ø± Ø¯Ø¨ÙŠ Ø§Ù„Ø¯ÙˆÙ„ÙŠ,Dubai International Airport,Ù…Ø­Ø·Ø© Ù…ØªØ±Ùˆ Ø§Ù„Ø±Ø§Ø³,Al Ras Metro Station,Ù…ÙˆÙ„ Ø¯Ø¨ÙŠ,Dubai Mall,,,0,207.92,5000000,24047.71,null,null,10,1,0,,
2-13-2016-3140,13,2,Ø±Ù‡ÙˆÙ†,Mortgages,ØªØ³Ø¬ÙŠÙ„ Ø±Ù‡Ù†,Mortgage Registration,26/04/2016,4,ÙÙŠÙ„Ø§,Villa,null,,,Ø³ÙƒÙ†ÙŠ,Residential,1,Ø§Ù„Ø¹Ù‚Ø§Ø±Ø§Øª Ø§Ù„Ù‚Ø§Ø¦Ù…Ø©,Existing Properties,232,Ù…Ø±Ø¯Ù,Mirdif,,,null,,,,,Ù…Ø·Ø§Ø± Ø¯Ø¨ÙŠ Ø§Ù„Ø¯ÙˆÙ„ÙŠ,Dubai International Airport,Ù…Ø­Ø·Ø© Ù…ØªØ±Ùˆ Ø§Ù„Ø±Ø§Ø´Ø¯ÙŠØ©,Rashidiya Metro Station,Ø³ÙŠØªÙŠ Ø³Ù†ØªØ± Ù…Ø±Ø¯Ù,City Centre Mirdif,,,0,904.6,5930000,6555.38,null,null,1,1,0,,
1-11-2003-242,11,1,Ù…Ø¨Ø§ÙŠØ¹Ø§Øª,Sales,Ø¨ÙŠØ¹,Sell,25/02/2003,4,ÙÙŠÙ„Ø§,Villa,null,,,Ø³ÙƒÙ†ÙŠ,Residential,1,Ø§Ù„Ø¹Ù‚Ø§Ø±Ø§Øª Ø§Ù„Ù‚Ø§Ø¦Ù…Ø©,Existing Properties,232,Ù…Ø±Ø¯Ù,Mirdif,,,null,,,,,Ù…Ø·Ø§Ø± Ø¯Ø¨ÙŠ Ø§Ù„Ø¯ÙˆÙ„ÙŠ,Dubai International Airport,Ù…Ø­Ø·Ø© Ù…ØªØ±Ùˆ Ø§Ù„Ø±Ø§Ø´Ø¯ÙŠØ©,Rashidiya Metro Station,Ø³ÙŠØªÙŠ Ø³Ù†ØªØ± Ù…Ø±Ø¯Ù,City Centre Mirdif,,,0,672.34,521064,775,null,null,1,1,0,,
1-11-2025-21741,11,1,Ù…Ø¨Ø§ÙŠØ¹Ø§Øª,Sales,Ø¨ÙŠØ¹,Sell,27/05/2025,4,ÙÙŠÙ„Ø§,Villa,null,,,Ø³ÙƒÙ†ÙŠ,Residential,1,Ø§Ù„Ø¹Ù‚Ø§Ø±Ø§Øª Ø§Ù„Ù‚Ø§Ø¦Ù…Ø©,Existing Properties,232,Ù…Ø±Ø¯Ù,Mirdif,,,null,,,,,Ù…Ø·Ø§Ø± Ø¯Ø¨ÙŠ Ø§Ù„Ø¯ÙˆÙ„ÙŠ,Dubai International Airport,Ù…Ø­Ø·Ø© Ù…ØªØ±Ùˆ Ø§ØªØµØ§Ù„Ø§Øª,Etisalat Metro Station,Ø³ÙŠØªÙŠ Ø³Ù†ØªØ± Ù…Ø±Ø¯Ù,City Centre Mirdif,,,0,1520.45,5500000,3617.35,null,null,1,1,0,,
1-11-2001-758,11,1,Ù…Ø¨Ø§ÙŠØ¹Ø§Øª,Sales,Ø¨ÙŠØ¹,Sell,16/07/2001,4,ÙÙŠÙ„Ø§,Villa,null,,,Ø³ÙƒÙ†ÙŠ,Residential,1,Ø§Ù„Ø¹Ù‚Ø§Ø±Ø§Øª Ø§Ù„Ù‚Ø§Ø¦Ù…Ø©,Existing Properties,232,Ù…Ø±Ø¯Ù,Mirdif,,,null,,,,,Ù…Ø·Ø§Ø± Ø¯Ø¨ÙŠ Ø§Ù„Ø¯ÙˆÙ„ÙŠ,Dubai International Airport,Ù…Ø­Ø·Ø© Ù…ØªØ±Ùˆ Ø§Ù„Ø±Ø§Ø´Ø¯ÙŠØ©,Rashidiya Metro Station,Ø³ÙŠØªÙŠ Ø³Ù†ØªØ± Ù…Ø±Ø¯Ù,City Centre Mirdif,,,0,1368.65,707136,516.67,null,null,1,1,0,,
1-11-1998-1076,11,1,Ù…Ø¨Ø§ÙŠØ¹Ø§Øª,Sales,Ø¨ÙŠØ¹,Sell,20/10/1998,4,ÙÙŠÙ„Ø§,Villa,null,,,Ø³ÙƒÙ†ÙŠ,Residential,1,Ø§Ù„Ø¹Ù‚Ø§Ø±Ø§Øª Ø§Ù„Ù‚Ø§Ø¦Ù…Ø©,Existing Properties,232,Ù…Ø±Ø¯Ù,Mirdif,,,null,,,,,Ù…Ø·Ø§Ø± Ø¯Ø¨ÙŠ Ø§Ù„Ø¯ÙˆÙ„ÙŠ,Dubai International Airport,Ù…Ø­Ø·Ø© Ù…ØªØ±Ùˆ Ø§ØªØµØ§Ù„Ø§Øª,Etisalat Metro Station,Ø³ÙŠØªÙŠ Ø³Ù†ØªØ± Ù…Ø±Ø¯Ù,City Centre Mirdif,,,0,672.34,920000,1368.36,null,null,1,1,0,,
1-11-1999-397,11,1,Ù…Ø¨Ø§ÙŠØ¹Ø§Øª,Sales,Ø¨ÙŠØ¹,Sell,21/06/1999,4,ÙÙŠÙ„Ø§,Villa,null,,,Ø³ÙƒÙ†ÙŠ,Residential,1,Ø§Ù„Ø¹Ù‚Ø§Ø±Ø§Øª Ø§Ù„Ù‚Ø§Ø¦Ù…Ø©,Existing Properties,232,Ù…Ø±Ø¯Ù,Mirdif,,,null,,,,,Ù…Ø·Ø§Ø± Ø¯Ø¨ÙŠ Ø§Ù„Ø¯ÙˆÙ„ÙŠ,Dubai International Airport,Ù…Ø­Ø·Ø© Ù…ØªØ±Ùˆ Ø§Ù„Ø±Ø§Ø´Ø¯ÙŠØ©,Rashidiya Metro Station,Ø³ÙŠØªÙŠ Ø³Ù†ØªØ± Ù…Ø±Ø¯Ù,City Centre Mirdif,,,0,1858.06,3550000,1910.59,null,null,1,1,0,,
1-11-2003-1462,11,1,Ù…Ø¨Ø§ÙŠØ¹Ø§Øª,Sales,Ø¨ÙŠØ¹,Sell,06/10/2003,2,Ù…Ø¨Ù†Ù‰,Building,null,,,Ø³ÙƒÙ†ÙŠ,Residential,1,Ø§Ù„Ø¹Ù‚Ø§Ø±Ø§Øª Ø§Ù„Ù‚Ø§Ø¦Ù…Ø©,Existing Properties,232,Ù…Ø±Ø¯Ù,Mirdif,,,null,,,,,Ù…Ø·Ø§Ø± Ø¯Ø¨ÙŠ Ø§Ù„Ø¯ÙˆÙ„ÙŠ,Dubai International Airport,Ù…Ø­Ø·Ø© Ù…ØªØ±Ùˆ Ø§Ù„Ø±Ø§Ø´Ø¯ÙŠØ©,Rashidiya Metro Station,Ø³ÙŠØªÙŠ Ø³Ù†ØªØ± Ù…Ø±Ø¯Ù,City Centre Mirdif,,,0,1393.55,1500000,1076.39,null,null,1,1,0,,
2-32-2017-29,32,2,Ø±Ù‡ÙˆÙ†,Mortgages,ØªØ¹Ø¯ÙŠÙ„ Ø¥ÙŠØ¬Ø§Ø±Ø© ØªÙ†ØªÙ‡Ù‰ Ø¨Ø§Ù„ØªÙ…Ù„Ùƒ,Lease to Own Modify,10/10/2017,4,ÙÙŠÙ„Ø§,Villa,null,,,Ø³ÙƒÙ†ÙŠ,Residential,1,Ø§Ù„Ø¹Ù‚Ø§Ø±Ø§Øª Ø§Ù„Ù‚Ø§Ø¦Ù…Ø©,Existing Properties,232,Ù…Ø±Ø¯Ù,Mirdif,,,null,,,,,Ù…Ø·Ø§Ø± Ø¯Ø¨ÙŠ Ø§Ù„Ø¯ÙˆÙ„ÙŠ,Dubai International Airport,Ù…Ø­Ø·Ø© Ù…ØªØ±Ùˆ Ø§Ù„Ø±Ø§Ø´Ø¯ÙŠØ©,Rashidiya Metro Station,Ø³ÙŠØªÙŠ Ø³Ù†ØªØ± Ù…Ø±Ø¯Ù,City Centre Mirdif,,,0,924.57,3700000,4001.86,3700000,4001.86,1,1,0,,
1-11-1998-210,11,1,Ù…Ø¨Ø§ÙŠØ¹Ø§Øª,Sales,Ø¨ÙŠØ¹,Sell,27/04/1998,4,ÙÙŠÙ„Ø§,Villa,null,,,Ø³ÙƒÙ†ÙŠ,Residential,1,Ø§Ù„Ø¹Ù‚Ø§Ø±Ø§Øª Ø§Ù„Ù‚Ø§Ø¦Ù…Ø©,Existing Properties,232,Ù…Ø±Ø¯Ù,Mirdif,,,null,,,,,Ù…Ø·Ø§Ø± Ø¯Ø¨ÙŠ Ø§Ù„Ø¯ÙˆÙ„ÙŠ,Dubai International Airport,Ù…Ø­Ø·Ø© Ù…ØªØ±Ùˆ Ø§Ù„Ø±Ø§Ø´Ø¯ÙŠØ©,Rashidiya Metro Station,Ø³ÙŠØªÙŠ Ø³Ù†ØªØ± Ù…Ø±Ø¯Ù,City Centre Mirdif,,,0,905.8,355875,392.88,null,null,1,1,0,,
1-11-2005-1713,11,1,Ù…Ø¨Ø§ÙŠØ¹Ø§Øª,Sales,Ø¨ÙŠØ¹,Sell,27/07/2005,4,ÙÙŠÙ„Ø§,Villa,null,,,Ø³ÙƒÙ†ÙŠ,Residential,1,Ø§Ù„Ø¹Ù‚Ø§Ø±Ø§Øª Ø§Ù„Ù‚Ø§Ø¦Ù…Ø©,Existing Properties,232,Ù…Ø±Ø¯Ù,Mirdif,,,null,,,,,Ù…Ø·Ø§Ø± Ø¯Ø¨ÙŠ Ø§Ù„Ø¯ÙˆÙ„ÙŠ,Dubai International Airport,Ù…Ø­Ø·Ø© Ù…ØªØ±Ùˆ Ø§Ù„Ø±Ø§Ø´Ø¯ÙŠØ©,Rashidiya Metro Station,Ø³ÙŠØªÙŠ Ø³Ù†ØªØ± Ù…Ø±Ø¯Ù,City Centre Mirdif,,,0,924.57,5400000,5840.55,null,null,1,2,0,,
1-11-2023-22250,11,1,Ù…Ø¨Ø§ÙŠØ¹Ø§Øª,Sales,Ø¨ÙŠØ¹,Sell,14/07/2023,4,ÙÙŠÙ„Ø§,Villa,null,,,Ø³ÙƒÙ†ÙŠ,Residential,1,Ø§Ù„Ø¹Ù‚Ø§Ø±Ø§Øª Ø§Ù„Ù‚Ø§Ø¦Ù…Ø©,Existing Properties,232,Ù…Ø±Ø¯Ù,Mirdif,,,null,,,,,Ù…Ø·Ø§Ø± Ø¯Ø¨ÙŠ Ø§Ù„Ø¯ÙˆÙ„ÙŠ,Dubai International Airport,Ù…Ø­Ø·Ø© Ù…ØªØ±Ùˆ Ø§Ù„Ø±Ø§Ø´Ø¯ÙŠØ©,Rashidiya Metro Station,Ø³ÙŠØªÙŠ Ø³Ù†ØªØ± Ù…Ø±Ø¯Ù,City Centre Mirdif,,,0,71.09,500000,7033.34,null,null,1,1,0,,
2-13-2017-10503,13,2,Ø±Ù‡ÙˆÙ†,Mortgages,ØªØ³Ø¬ÙŠÙ„ Ø±Ù‡Ù†,Mortgage Registration,14/12/2017,4,ÙÙŠÙ„Ø§,Villa,null,,,Ø³ÙƒÙ†ÙŠ,Residential,1,Ø§Ù„Ø¹Ù‚Ø§Ø±Ø§Øª Ø§Ù„Ù‚Ø§Ø¦Ù…Ø©,Existing Properties,232,Ù…Ø±Ø¯Ù,Mirdif,,,null,,,,,Ù…Ø·Ø§Ø± Ø¯Ø¨ÙŠ Ø§Ù„Ø¯ÙˆÙ„ÙŠ,Dubai International Airport,Ù…Ø­Ø·Ø© Ù…ØªØ±Ùˆ Ø§Ù„Ø±Ø§Ø´Ø¯ÙŠØ©,Rashidiya Metro Station,Ø³ÙŠØªÙŠ Ø³Ù†ØªØ± Ù…Ø±Ø¯Ù,City Centre Mirdif,,,0,924.57,533000,576.48,null,null,1,1,0,,
1-11-2017-6777,11,1,Ù…Ø¨Ø§ÙŠØ¹Ø§Øª,Sales,Ø¨ÙŠØ¹,Sell,15/05/2017,4,ÙÙŠÙ„Ø§,Villa,null,,,Ø³ÙƒÙ†ÙŠ,Residential,1,Ø§Ù„Ø¹Ù‚Ø§Ø±Ø§Øª Ø§Ù„Ù‚Ø§Ø¦Ù…Ø©,Existing Properties,232,Ù…Ø±Ø¯Ù,Mirdif,,,null,,,,,Ù…Ø·Ø§Ø± Ø¯Ø¨ÙŠ Ø§Ù„Ø¯ÙˆÙ„ÙŠ,Dubai International Airport,Ù…Ø­Ø·Ø© Ù…ØªØ±Ùˆ Ø§Ù„Ø±Ø§Ø´Ø¯ÙŠØ©,Rashidiya Metro Station,Ø³ÙŠØªÙŠ Ø³Ù†ØªØ± Ù…Ø±Ø¯Ù,City Centre Mirdif,,,0,929.03,4500000,4843.76,null,null,1,2,0,,
1-11-2003-1414,11,1,Ù…Ø¨Ø§ÙŠØ¹Ø§Øª,Sales,Ø¨ÙŠØ¹,Sell,29/09/2003,4,ÙÙŠÙ„Ø§,Villa,null,,,Ø³ÙƒÙ†ÙŠ,Residential,1,Ø§Ù„Ø¹Ù‚Ø§Ø±Ø§Øª Ø§Ù„Ù‚Ø§Ø¦Ù…Ø©,Existing Properties,232,Ù…Ø±Ø¯Ù,Mirdif,,,null,,,,,Ù…Ø·Ø§Ø± Ø¯Ø¨ÙŠ Ø§Ù„Ø¯ÙˆÙ„ÙŠ,Dubai International Airport,Ù…Ø­Ø·Ø© Ù…ØªØ±Ùˆ Ø§Ù„Ø±Ø§Ø´Ø¯ÙŠØ©,Rashidiya Metro Station,Ø³ÙŠØªÙŠ Ø³Ù†ØªØ± Ù…Ø±Ø¯Ù,City Centre Mirdif,,,0,1393.55,1500000,1076.39,null,null,1,1,0,,
1-11-2009-300051,11,1,Ù…Ø¨Ø§ÙŠØ¹Ø§Øª,Sales,Ø¨ÙŠØ¹,Sell,24/12/2009,4,ÙÙŠÙ„Ø§,Villa,null,,,Ø³ÙƒÙ†ÙŠ,Residential,1,Ø§Ù„Ø¹Ù‚Ø§Ø±Ø§Øª Ø§Ù„Ù‚Ø§Ø¦Ù…Ø©,Existing Properties,232,Ù…Ø±Ø¯Ù,Mirdif,,,null,,,,,Ù…Ø·Ø§Ø± Ø¯Ø¨ÙŠ Ø§Ù„Ø¯ÙˆÙ„ÙŠ,Dubai International Airport,Ù…Ø­Ø·Ø© Ù…ØªØ±Ùˆ Ø§ØªØµØ§Ù„Ø§Øª,Etisalat Metro Station,Ø³ÙŠØªÙŠ Ø³Ù†ØªØ± Ù…Ø±Ø¯Ù,City Centre Mirdif,,,0,181.73,1000000,5502.67,null,null,2,1,0,,
2-13-2025-4060,13,2,Ø±Ù‡ÙˆÙ†,Mortgages,ØªØ³Ø¬ÙŠÙ„ Ø±Ù‡Ù†,Mortgage Registration,18/02/2025,4,ÙÙŠÙ„Ø§,Villa,null,,,Ø³ÙƒÙ†ÙŠ,Residential,1,Ø§Ù„Ø¹Ù‚Ø§Ø±Ø§Øª Ø§Ù„Ù‚Ø§Ø¦Ù…Ø©,Existing Properties,232,Ù…Ø±Ø¯Ù,Mirdif,,,null,,,,,Ù…Ø·Ø§Ø± Ø¯Ø¨ÙŠ Ø§Ù„Ø¯ÙˆÙ„ÙŠ,Dubai International Airport,Ù…Ø­Ø·Ø© Ù…ØªØ±Ùˆ Ø§ØªØµØ§Ù„Ø§Øª,Etisalat Metro Station,Ø³ÙŠØªÙŠ Ø³Ù†ØªØ± Ù…Ø±Ø¯Ù,City Centre Mirdif,,,0,929.03,5040000,5425.01,null,null,2,1,0,,
1-11-2022-18164,11,1,Ù…Ø¨Ø§ÙŠØ¹Ø§Øª,Sales,Ø¨ÙŠØ¹,Sell,01/08/2022,4,ÙÙŠÙ„Ø§,Villa,null,,,Ø³ÙƒÙ†ÙŠ,Residential,1,Ø§Ù„Ø¹Ù‚Ø§Ø±Ø§Øª Ø§Ù„Ù‚Ø§Ø¦Ù…Ø©,Existing Properties,232,Ù…Ø±Ø¯Ù,Mirdif,,,null,,,,,Ù…Ø·Ø§Ø± Ø¯Ø¨ÙŠ Ø§Ù„Ø¯ÙˆÙ„ÙŠ,Dubai International Airport,Ù…Ø­Ø·Ø© Ù…ØªØ±Ùˆ Ø§Ù„Ø±Ø§Ø´Ø¯ÙŠØ©,Rashidiya Metro Station,Ø³ÙŠØªÙŠ Ø³Ù†ØªØ± Ù…Ø±Ø¯Ù,City Centre Mirdif,,,0,929.03,6000000,6458.35,null,null,2,5,0,,
1-11-2018-9876,11,1,Ù…Ø¨Ø§ÙŠØ¹Ø§Øª,Sales,Ø¨ÙŠØ¹,Sell,15/10/2018,1,Ø£Ø±Ø¶,Land,null,,,Ø³ÙƒÙ†ÙŠ,Residential,1,Ø§Ù„Ø¹Ù‚Ø§Ø±Ø§Øª Ø§Ù„Ù‚Ø§Ø¦Ù…Ø©,Existing Properties,232,Ù…Ø±Ø¯Ù,Mirdif,,,null,,,,,Ù…Ø·Ø§Ø± Ø¯Ø¨ÙŠ Ø§Ù„Ø¯ÙˆÙ„ÙŠ,Dubai International Airport,Ù…Ø­Ø·Ø© Ù…ØªØ±Ùˆ Ø§ØªØµØ§Ù„Ø§Øª,Etisalat Metro Station,Ø³ÙŠØªÙŠ Ø³Ù†ØªØ± Ù…Ø±Ø¯Ù,City Centre Mirdif,,,0,696.77,2099989,3013.89,null,null,1,1,0,,
1-11-2013-7709,11,1,Ù…Ø¨Ø§ÙŠØ¹Ø§Øª,Sales,Ø¨ÙŠØ¹,Sell,11/03/2013,4,ÙÙŠÙ„Ø§,Villa,null,,,Ø³ÙƒÙ†ÙŠ,Residential,1,Ø§Ù„Ø¹Ù‚Ø§Ø±Ø§Øª Ø§Ù„Ù‚Ø§Ø¦Ù…Ø©,Existing Properties,232,Ù…Ø±Ø¯Ù,Mirdif,,,null,,,,,Ù…Ø·Ø§Ø± Ø¯Ø¨ÙŠ Ø§Ù„Ø¯ÙˆÙ„ÙŠ,Dubai International Airport,Ù…Ø­Ø·Ø© Ù…ØªØ±Ùˆ Ø§Ù„Ø±Ø§Ø´Ø¯ÙŠØ©,Rashidiya Metro Station,Ø³ÙŠØªÙŠ Ø³Ù†ØªØ± Ù…Ø±Ø¯Ù,City Centre Mirdif,,,0,1393.55,6000000,4305.55,null,null,1,1,0,,
1-11-2008-2380,11,1,Ù…Ø¨Ø§ÙŠØ¹Ø§Øª,Sales,Ø¨ÙŠØ¹,Sell,30/04/2008,4,ÙÙŠÙ„Ø§,Villa,null,,,Ø³ÙƒÙ†ÙŠ,Residential,1,Ø§Ù„Ø¹Ù‚Ø§Ø±Ø§Øª Ø§Ù„Ù‚Ø§Ø¦Ù…Ø©,Existing Properties,232,Ù…Ø±Ø¯Ù,Mirdif,,,null,,,,,Ù…Ø·Ø§Ø± Ø¯Ø¨ÙŠ Ø§Ù„Ø¯ÙˆÙ„ÙŠ,Dubai International Airport,Ù…Ø­Ø·Ø© Ù…ØªØ±Ùˆ Ø§ØªØµØ§Ù„Ø§Øª,Etisalat Metro Station,Ø³ÙŠØªÙŠ Ø³Ù†ØªØ± Ù…Ø±Ø¯Ù,City Centre Mirdif,,,0,696.77,5400000,7750.05,null,null,1,1,0,,
2-13-2015-2209,13,2,Ø±Ù‡ÙˆÙ†,Mortgages,ØªØ³Ø¬ÙŠÙ„ Ø±Ù‡Ù†,Mortgage Registration,30/03/2015,4,ÙÙŠÙ„Ø§,Villa,null,,,Ø³ÙƒÙ†ÙŠ,Residential,1,Ø§Ù„Ø¹Ù‚Ø§Ø±Ø§Øª Ø§Ù„Ù‚Ø§Ø¦Ù…Ø©,Existing Properties,232,Ù…Ø±Ø¯Ù,Mirdif,,,null,,,,,Ù…Ø·Ø§Ø± Ø¯Ø¨ÙŠ Ø§Ù„Ø¯ÙˆÙ„ÙŠ,Dubai International Airport,Ù…Ø­Ø·Ø© Ù…ØªØ±Ùˆ Ø§Ù„Ø±Ø§Ø´Ø¯ÙŠØ©,Rashidiya Metro Station,Ø³ÙŠØªÙŠ Ø³Ù†ØªØ± Ù…Ø±Ø¯Ù,City Centre Mirdif,,,0,854.71,7500000,8774.91,null,null,1,1,0,,
2-13-2013-1312,13,2,Ø±Ù‡ÙˆÙ†,Mortgages,ØªØ³Ø¬ÙŠÙ„ Ø±Ù‡Ù†,Mortgage Registration,07/03/2013,4,ÙÙŠÙ„Ø§,Villa,null,,,Ø³ÙƒÙ†ÙŠ,Residential,1,Ø§Ù„Ø¹Ù‚Ø§Ø±Ø§Øª Ø§Ù„Ù‚Ø§Ø¦Ù…Ø©,Existing Properties,232,Ù…Ø±Ø¯Ù,Mirdif,,,null,,,,,Ù…Ø·Ø§Ø± Ø¯Ø¨ÙŠ Ø§Ù„Ø¯ÙˆÙ„ÙŠ,Dubai International Airport,Ù…Ø­Ø·Ø© Ù…ØªØ±Ùˆ Ø§Ù„Ø±Ø§Ø´Ø¯ÙŠØ©,Rashidiya Metro Station,Ø³ÙŠØªÙŠ Ø³Ù†ØªØ± Ù…Ø±Ø¯Ù,City Centre Mirdif,,,0,1389.09,4500000,3239.53,null,null,2,1,0,,
2-13-2008-667,13,2,Ø±Ù‡ÙˆÙ†,Mortgages,ØªØ³Ø¬ÙŠÙ„ Ø±Ù‡Ù†,Mortgage Registration,17/04/2008,4,ÙÙŠÙ„Ø§,Villa,null,,,Ø³ÙƒÙ†ÙŠ,Residential,1,Ø§Ù„Ø¹Ù‚Ø§Ø±Ø§Øª Ø§Ù„Ù‚Ø§Ø¦Ù…Ø©,Existing Properties,232,Ù…Ø±Ø¯Ù,Mirdif,,,null,,,,,Ù…Ø·Ø§Ø± Ø¯Ø¨ÙŠ Ø§Ù„Ø¯ÙˆÙ„ÙŠ,Dubai International Airport,Ù…Ø­Ø·Ø© Ù…ØªØ±Ùˆ Ø§Ù„Ø±Ø§Ø´Ø¯ÙŠØ©,Rashidiya Metro Station,Ø³ÙŠØªÙŠ Ø³Ù†ØªØ± Ù…Ø±Ø¯Ù,City Centre Mirdif,,,0,743.22,3500000,4709.24,null,null,1,1,0,,
3-9-2010-970,9,3,Ù‡Ø¨Ø§Øª,Gifts,Ù‡Ø¨Ù‡,Grant,22/12/2010,4,ÙÙŠÙ„Ø§,Villa,null,,,Ø³ÙƒÙ†ÙŠ,Residential,1,Ø§Ù„Ø¹Ù‚Ø§Ø±Ø§Øª Ø§Ù„Ù‚Ø§Ø¦Ù…Ø©,Existing Properties,232,Ù…Ø±Ø¯Ù,Mirdif,,,null,,,,,Ù…Ø·Ø§Ø± Ø¯Ø¨ÙŠ Ø§Ù„Ø¯ÙˆÙ„ÙŠ,Dubai International Airport,Ù…Ø­Ø·Ø© Ù…ØªØ±Ùˆ Ø§Ù„Ø±Ø§Ø´Ø¯ÙŠØ©,Rashidiya Metro Station,Ø³ÙŠØªÙŠ Ø³Ù†ØªØ± Ù…Ø±Ø¯Ù,City Centre Mirdif,,,0,3687.23,15000000,4068.09,null,null,1,1,0,,
1-11-2002-959,11,1,Ù…Ø¨Ø§ÙŠØ¹Ø§Øª,Sales,Ø¨ÙŠØ¹,Sell,04/06/2002,4,ÙÙŠÙ„Ø§,Villa,null,,,Ø³ÙƒÙ†ÙŠ,Residential,1,Ø§Ù„Ø¹Ù‚Ø§Ø±Ø§Øª Ø§Ù„Ù‚Ø§Ø¦Ù…Ø©,Existing Properties,232,Ù…Ø±Ø¯Ù,Mirdif,,,null,,,,,Ù…Ø·Ø§Ø± Ø¯Ø¨ÙŠ Ø§Ù„Ø¯ÙˆÙ„ÙŠ,Dubai International Airport,Ù…Ø­Ø·Ø© Ù…ØªØ±Ùˆ Ø§Ù„Ø±Ø§Ø´Ø¯ÙŠØ©,Rashidiya Metro Station,Ø³ÙŠØªÙŠ Ø³Ù†ØªØ± Ù…Ø±Ø¯Ù,City Centre Mirdif,,,0,696.77,565000,810.88,null,null,1,1,0,,
2-13-2024-12400,13,2,Ø±Ù‡ÙˆÙ†,Mortgages,ØªØ³Ø¬ÙŠÙ„ Ø±Ù‡Ù†,Mortgage Registration,13/06/2024,4,ÙÙŠÙ„Ø§,Villa,null,,,Ø³ÙƒÙ†ÙŠ,Residential,1,Ø§Ù„Ø¹Ù‚Ø§Ø±Ø§Øª Ø§Ù„Ù‚Ø§Ø¦Ù…Ø©,Existing Properties,232,Ù…Ø±Ø¯Ù,Mirdif,,,null,,,,,Ù…Ø·Ø§Ø± Ø¯Ø¨ÙŠ Ø§Ù„Ø¯ÙˆÙ„ÙŠ,Dubai International Airport,Ù…Ø­Ø·Ø© Ù…ØªØ±Ùˆ Ø§Ù„Ø±Ø§Ø´Ø¯ÙŠØ©,Rashidiya Metro Station,Ø³ÙŠØªÙŠ Ø³Ù†ØªØ± Ù…Ø±Ø¯Ù,City Centre Mirdif,,,0,929.03,2500000,2690.98,null,null,1,1,0,,
1-11-2002-319,11,1,Ù…Ø¨Ø§ÙŠØ¹Ø§Øª,Sales,Ø¨ÙŠØ¹,Sell,18/02/2002,4,ÙÙŠÙ„Ø§,Villa,null,,,Ø³ÙƒÙ†ÙŠ,Residential,1,Ø§Ù„Ø¹Ù‚Ø§Ø±Ø§Øª Ø§Ù„Ù‚Ø§Ø¦Ù…Ø©,Existing Properties,232,Ù…Ø±Ø¯Ù,Mirdif,,,null,,,,,Ù…Ø·Ø§Ø± Ø¯Ø¨ÙŠ Ø§Ù„Ø¯ÙˆÙ„ÙŠ,Dubai International Airport,Ù…Ø­Ø·Ø© Ù…ØªØ±Ùˆ Ø§Ù„Ø±Ø§Ø´Ø¯ÙŠØ©,Rashidiya Metro Station,Ø³ÙŠØªÙŠ Ø³Ù†ØªØ± Ù…Ø±Ø¯Ù,City Centre Mirdif,,,0,929.03,650000,699.65,null,null,1,1,0,,
1-11-2012-24386,11,1,Ù…Ø¨Ø§ÙŠØ¹Ø§Øª,Sales,Ø¨ÙŠØ¹,Sell,17/12/2012,2,Ù…Ø¨Ù†Ù‰,Building,null,,,Ø³ÙƒÙ†ÙŠ,Residential,1,Ø§Ù„Ø¹Ù‚Ø§Ø±Ø§Øª Ø§Ù„Ù‚Ø§Ø¦Ù…Ø©,Existing Properties,232,Ù…Ø±Ø¯Ù,Mirdif,,,null,,,,,Ù…Ø·Ø§Ø± Ø¯Ø¨ÙŠ Ø§Ù„Ø¯ÙˆÙ„ÙŠ,Dubai International Airport,Ù…Ø­Ø·Ø© Ù…ØªØ±Ùˆ Ø§Ù„Ø±Ø§Ø´Ø¯ÙŠØ©,Rashidiya Metro Station,Ø³ÙŠØªÙŠ Ø³Ù†ØªØ± Ù…Ø±Ø¯Ù,City Centre Mirdif,,,0,929.03,3700000,3982.65,null,null,1,1,0,,
1-11-1998-603,11,1,Ù…Ø¨Ø§ÙŠØ¹Ø§Øª,Sales,Ø¨ÙŠØ¹,Sell,22/06/1998,4,ÙÙŠÙ„Ø§,Villa,null,,,Ø³ÙƒÙ†ÙŠ,Residential,1,Ø§Ù„Ø¹Ù‚Ø§Ø±Ø§Øª Ø§Ù„Ù‚Ø§Ø¦Ù…Ø©,Existing Properties,232,Ù…Ø±Ø¯Ù,Mirdif,,,null,,,,,Ù…Ø·Ø§Ø± Ø¯Ø¨ÙŠ Ø§Ù„Ø¯ÙˆÙ„ÙŠ,Dubai International Airport,Ù…Ø­Ø·Ø© Ù…ØªØ±Ùˆ Ø§Ù„Ø±Ø§Ø´Ø¯ÙŠØ©,Rashidiya Metro Station,Ø³ÙŠØªÙŠ Ø³Ù†ØªØ± Ù…Ø±Ø¯Ù,City Centre Mirdif,,,0,929.03,370000,398.26,null,null,1,1,0,,
1-11-2002-883,11,1,Ù…Ø¨Ø§ÙŠØ¹Ø§Øª,Sales,Ø¨ÙŠØ¹,Sell,22/05/2002,4,ÙÙŠÙ„Ø§,Villa,null,,,Ø³ÙƒÙ†ÙŠ,Residential,1,Ø§Ù„Ø¹Ù‚Ø§Ø±Ø§Øª Ø§Ù„Ù‚Ø§Ø¦Ù…Ø©,Existing Properties,232,Ù…Ø±Ø¯Ù,Mirdif,,,null,,,,,Ù…Ø·Ø§Ø± Ø¯Ø¨ÙŠ Ø§Ù„Ø¯ÙˆÙ„ÙŠ,Dubai International Airport,Ù…Ø­Ø·Ø© Ù…ØªØ±Ùˆ Ø§Ù„Ø±Ø§Ø´Ø¯ÙŠØ©,Rashidiya Metro Station,Ø³ÙŠØªÙŠ Ø³Ù†ØªØ± Ù…Ø±Ø¯Ù,City Centre Mirdif,,,0,940.64,658125,699.66,null,null,1,1,0,,
2-13-2025-29978,13,2,Ø±Ù‡ÙˆÙ†,Mortgages,ØªØ³Ø¬ÙŠÙ„ Ø±Ù‡Ù†,Mortgage Registration,16/10/2025,4,ÙÙŠÙ„Ø§,Villa,null,,,Ø³ÙƒÙ†ÙŠ,Residential,1,Ø§Ù„Ø¹Ù‚Ø§Ø±Ø§Øª Ø§Ù„Ù‚Ø§Ø¦Ù…Ø©,Existing Properties,232,Ù…Ø±Ø¯Ù,Mirdif,,,null,,,,,Ù…Ø·Ø§Ø± Ø¯Ø¨ÙŠ Ø§Ù„Ø¯ÙˆÙ„ÙŠ,Dubai International Airport,Ù…Ø­Ø·Ø© Ù…ØªØ±Ùˆ Ø§Ù„Ø±Ø§Ø´Ø¯ÙŠØ©,Rashidiya Metro Station,Ø³ÙŠØªÙŠ Ø³Ù†ØªØ± Ù…Ø±Ø¯Ù,City Centre Mirdif,,,0,696.77,2750000,3946.78,null,null,1,1,0,,
2-14-2002-83,14,2,Ø±Ù‡ÙˆÙ†,Mortgages,ØªØ¹Ø¯ÙŠÙ„ Ø±Ù‡Ù†,Modify Mortgage,29/04/2002,4,ÙÙŠÙ„Ø§,Villa,null,,,Ø³ÙƒÙ†ÙŠ,Residential,1,Ø§Ù„Ø¹Ù‚Ø§Ø±Ø§Øª Ø§Ù„Ù‚Ø§Ø¦Ù…Ø©,Existing Properties,232,Ù…Ø±Ø¯Ù,Mirdif,,,null,,,,,Ù…Ø·Ø§Ø± Ø¯Ø¨ÙŠ Ø§Ù„Ø¯ÙˆÙ„ÙŠ,Dubai International Airport,Ù…Ø­Ø·Ø© Ù…ØªØ±Ùˆ Ø§Ù„Ø±Ø§Ø´Ø¯ÙŠØ©,Rashidiya Metro Station,Ø³ÙŠØªÙŠ Ø³Ù†ØªØ± Ù…Ø±Ø¯Ù,City Centre Mirdif,,,0,936.18,2442326,2608.82,null,null,1,1,0,,
1-11-2006-1146,11,1,Ù…Ø¨Ø§ÙŠØ¹Ø§Øª,Sales,Ø¨ÙŠØ¹,Sell,05/07/2006,4,ÙÙŠÙ„Ø§,Villa,null,,,Ø³ÙƒÙ†ÙŠ,Residential,1,Ø§Ù„Ø¹Ù‚Ø§Ø±Ø§Øª Ø§Ù„Ù‚Ø§Ø¦Ù…Ø©,Existing Properties,232,Ù…Ø±Ø¯Ù,Mirdif,,,null,,,,,Ù…Ø·Ø§Ø± Ø¯Ø¨ÙŠ Ø§Ù„Ø¯ÙˆÙ„ÙŠ,Dubai International Airport,Ù…Ø­Ø·Ø© Ù…ØªØ±Ùˆ Ø§Ù„Ø±Ø§Ø´Ø¯ÙŠØ©,Rashidiya Metro Station,Ø³ÙŠØªÙŠ Ø³Ù†ØªØ± Ù…Ø±Ø¯Ù,City Centre Mirdif,,,0,696.77,3300000,4736.14,null,null,1,1,0,,
3-9-2025-3870,9,3,Ù‡Ø¨Ø§Øª,Gifts,Ù‡Ø¨Ù‡,Grant,03/07/2025,4,ÙÙŠÙ„Ø§,Villa,null,,,Ø³ÙƒÙ†ÙŠ,Residential,1,Ø§Ù„Ø¹Ù‚Ø§Ø±Ø§Øª Ø§Ù„Ù‚Ø§Ø¦Ù…Ø©,Existing Properties,232,Ù…Ø±Ø¯Ù,Mirdif,,,null,,,,,Ù…Ø·Ø§Ø± Ø¯Ø¨ÙŠ Ø§Ù„Ø¯ÙˆÙ„ÙŠ,Dubai International Airport,Ù…Ø­Ø·Ø© Ù…ØªØ±Ùˆ Ø§Ù„Ø±Ø§Ø´Ø¯ÙŠØ©,Rashidiya Metro Station,Ø³ÙŠØªÙŠ Ø³Ù†ØªØ± Ù…Ø±Ø¯Ù,City Centre Mirdif,,,0,6967.73,42500001,6099.55,null,null,1,1,0,,
2-13-2014-8088,13,2,Ø±Ù‡ÙˆÙ†,Mortgages,ØªØ³Ø¬ÙŠÙ„ Ø±Ù‡Ù†,Mortgage Registration,13/11/2014,4,ÙÙŠÙ„Ø§,Villa,null,,,Ø³ÙƒÙ†ÙŠ,Residential,1,Ø§Ù„Ø¹Ù‚Ø§Ø±Ø§Øª Ø§Ù„Ù‚Ø§Ø¦Ù…Ø©,Existing Properties,232,Ù…Ø±Ø¯Ù,Mirdif,,,null,,,,,Ù…Ø·Ø§Ø± Ø¯Ø¨ÙŠ Ø§Ù„Ø¯ÙˆÙ„ÙŠ,Dubai International Airport,Ù…Ø­Ø·Ø© Ù…ØªØ±Ùˆ Ø§Ù„Ø±Ø§Ø´Ø¯ÙŠØ©,Rashidiya Metro Station,Ø³ÙŠØªÙŠ Ø³Ù†ØªØ± Ù…Ø±Ø¯Ù,City Centre Mirdif,,,0,940.64,6000000,6378.64,null,null,1,1,0,,
1-11-1999-363,11,1,Ù…Ø¨Ø§ÙŠØ¹Ø§Øª,Sales,Ø¨ÙŠØ¹,Sell,14/06/1999,4,ÙÙŠÙ„Ø§,Villa,null,,,Ø³ÙƒÙ†ÙŠ,Residential,1,Ø§Ù„Ø¹Ù‚Ø§Ø±Ø§Øª Ø§Ù„Ù‚Ø§Ø¦Ù…Ø©,Existing Properties,232,Ù…Ø±Ø¯Ù,Mirdif,,,null,,,,,Ù…Ø·Ø§Ø± Ø¯Ø¨ÙŠ Ø§Ù„Ø¯ÙˆÙ„ÙŠ,Dubai International Airport,Ù…Ø­Ø·Ø© Ù…ØªØ±Ùˆ Ø§Ù„Ø±Ø§Ø´Ø¯ÙŠØ©,Rashidiya Metro Station,Ø³ÙŠØªÙŠ Ø³Ù†ØªØ± Ù…Ø±Ø¯Ù,City Centre Mirdif,,,0,696.77,200000,287.04,null,null,1,1,0,,
1-11-2002-50,11,1,Ù…Ø¨Ø§ÙŠØ¹Ø§Øª,Sales,Ø¨ÙŠØ¹,Sell,08/01/2002,4,ÙÙŠÙ„Ø§,Villa,null,,,Ø³ÙƒÙ†ÙŠ,Residential,1,Ø§Ù„Ø¹Ù‚Ø§Ø±Ø§Øª Ø§Ù„Ù‚Ø§Ø¦Ù…Ø©,Existing Properties,232,Ù…Ø±Ø¯Ù,Mirdif,,,null,,,,,Ù…Ø·Ø§Ø± Ø¯Ø¨ÙŠ Ø§Ù„Ø¯ÙˆÙ„ÙŠ,Dubai International Airport,Ù…Ø­Ø·Ø© Ù…ØªØ±Ùˆ Ø§Ù„Ø±Ø§Ø´Ø¯ÙŠØ©,Rashidiya Metro Station,Ø³ÙŠØªÙŠ Ø³Ù†ØªØ± Ù…Ø±Ø¯Ù,City Centre Mirdif,,,0,929.03,520000,559.72,null,null,1,1,0,,
1-11-2001-1151,11,1,Ù…Ø¨Ø§ÙŠØ¹Ø§Øª,Sales,Ø¨ÙŠØ¹,Sell,12/11/2001,4,ÙÙŠÙ„Ø§,Villa,null,,,Ø³ÙƒÙ†ÙŠ,Residential,1,Ø§Ù„Ø¹Ù‚Ø§Ø±Ø§Øª Ø§Ù„Ù‚Ø§Ø¦Ù…Ø©,Existing Properties,232,Ù…Ø±Ø¯Ù,Mirdif,,,null,,,,,Ù…Ø·Ø§Ø± Ø¯Ø¨ÙŠ Ø§Ù„Ø¯ÙˆÙ„ÙŠ,Dubai International Airport,Ù…Ø­Ø·Ø© Ù…ØªØ±Ùˆ Ø§Ù„Ø±Ø§Ø´Ø¯ÙŠØ©,Rashidiya Metro Station,Ø³ÙŠØªÙŠ Ø³Ù†ØªØ± Ù…Ø±Ø¯Ù,City Centre Mirdif,,,0,2787.09,8500000,3049.78,null,null,1,1,0,,
1-11-2001-289,11,1,Ù…Ø¨Ø§ÙŠØ¹Ø§Øª,Sales,Ø¨ÙŠØ¹,Sell,02/04/2001,4,ÙÙŠÙ„Ø§,Villa,null,,,Ø³ÙƒÙ†ÙŠ,Residential,1,Ø§Ù„Ø¹Ù‚Ø§Ø±Ø§Øª Ø§Ù„Ù‚Ø§Ø¦Ù…Ø©,Existing Properties,232,Ù…Ø±Ø¯Ù,Mirdif,,,null,,,,,Ù…Ø·Ø§Ø± Ø¯Ø¨ÙŠ Ø§Ù„Ø¯ÙˆÙ„ÙŠ,Dubai International Airport,Ù…Ø­Ø·Ø© Ù…ØªØ±Ùˆ Ø§Ù„Ø±Ø§Ø´Ø¯ÙŠØ©,Rashidiya Metro Station,Ø³ÙŠØªÙŠ Ø³Ù†ØªØ± Ù…Ø±Ø¯Ù,City Centre Mirdif,,,0,696.77,1000000,1435.19,null,null,1,1,0,,
1-11-2001-905,11,1,Ù…Ø¨Ø§ÙŠØ¹Ø§Øª,Sales,Ø¨ÙŠØ¹,Sell,03/09/2001,4,ÙÙŠÙ„Ø§,Villa,null,,,Ø³ÙƒÙ†ÙŠ,Residential,1,Ø§Ù„Ø¹Ù‚Ø§Ø±Ø§Øª Ø§Ù„Ù‚Ø§Ø¦Ù…Ø©,Existing Properties,232,Ù…Ø±Ø¯Ù,Mirdif,,,null,,,,,Ù…Ø·Ø§Ø± Ø¯Ø¨ÙŠ Ø§Ù„Ø¯ÙˆÙ„ÙŠ,Dubai International Airport,Ù…Ø­Ø·Ø© Ù…ØªØ±Ùˆ Ø§Ù„Ø±Ø§Ø´Ø¯ÙŠØ©,Rashidiya Metro Station,Ø³ÙŠØªÙŠ Ø³Ù†ØªØ± Ù…Ø±Ø¯Ù,City Centre Mirdif,,,0,929.03,520000,559.72,null,null,1,2,0,,
1-11-2003-1546,11,1,Ù…Ø¨Ø§ÙŠØ¹Ø§Øª,Sales,Ø¨ÙŠØ¹,Sell,20/10/2003,4,ÙÙŠÙ„Ø§,Villa,null,,,Ø³ÙƒÙ†ÙŠ,Residential,1,Ø§Ù„Ø¹Ù‚Ø§Ø±Ø§Øª Ø§Ù„Ù‚Ø§Ø¦Ù…Ø©,Existing Properties,232,Ù…Ø±Ø¯Ù,Mirdif,,,null,,,,,Ù…Ø·Ø§Ø± Ø¯Ø¨ÙŠ Ø§Ù„Ø¯ÙˆÙ„ÙŠ,Dubai International Airport,Ù…Ø­Ø·Ø© Ù…ØªØ±Ùˆ Ø§Ù„Ø±Ø§Ø´Ø¯ÙŠØ©,Rashidiya Metro Station,Ø³ÙŠØªÙŠ Ø³Ù†ØªØ± Ù…Ø±Ø¯Ù,City Centre Mirdif,,,0,1393.55,1350000,968.75,null,null,1,1,0,,
2-13-2012-1178,13,2,Ø±Ù‡ÙˆÙ†,Mortgages,ØªØ³Ø¬ÙŠÙ„ Ø±Ù‡Ù†,Mortgage Registration,02/04/2012,4,ÙÙŠÙ„Ø§,Villa,null,,,Ø³ÙƒÙ†ÙŠ,Residential,1,Ø§Ù„Ø¹Ù‚Ø§Ø±Ø§Øª Ø§Ù„Ù‚Ø§Ø¦Ù…Ø©,Existing Properties,232,Ù…Ø±Ø¯Ù,Mirdif,,,null,,,,,Ù…Ø·Ø§Ø± Ø¯Ø¨ÙŠ Ø§Ù„Ø¯ÙˆÙ„ÙŠ,Dubai International Airport,Ù…Ø­Ø·Ø© Ù…ØªØ±Ùˆ Ø§Ù„Ø±Ø§Ø´Ø¯ÙŠØ©,Rashidiya Metro Station,Ø³ÙŠØªÙŠ Ø³Ù†ØªØ± Ù…Ø±Ø¯Ù,City Centre Mirdif,,,0,1393.55,3000000,2152.78,null,null,1,1,0,,
1-11-2000-47,11,1,Ù…Ø¨Ø§ÙŠØ¹Ø§Øª,Sales,Ø¨ÙŠØ¹,Sell,01/02/2000,4,ÙÙŠÙ„Ø§,Villa,null,,,Ø³ÙƒÙ†ÙŠ,Residential,1,Ø§Ù„Ø¹Ù‚Ø§Ø±Ø§Øª Ø§Ù„Ù‚Ø§Ø¦Ù…Ø©,Existing Properties,232,Ù…Ø±Ø¯Ù,Mirdif,,,null,,,,,Ù…Ø·Ø§Ø± Ø¯Ø¨ÙŠ Ø§Ù„Ø¯ÙˆÙ„ÙŠ,Dubai International Airport,Ù…Ø­Ø·Ø© Ù…ØªØ±Ùˆ Ø§Ù„Ø±Ø§Ø´Ø¯ÙŠØ©,Rashidiya Metro Station,Ø³ÙŠØªÙŠ Ø³Ù†ØªØ± Ù…Ø±Ø¯Ù,City Centre Mirdif,,,0,696.77,1125000,1614.59,null,null,1,1,0,,
1-11-2007-3056,11,1,Ù…Ø¨Ø§ÙŠØ¹Ø§Øª,Sales,Ø¨ÙŠØ¹,Sell,29/10/2007,4,ÙÙŠÙ„Ø§,Villa,null,,,Ø³ÙƒÙ†ÙŠ,Residential,1,Ø§Ù„Ø¹Ù‚Ø§Ø±Ø§Øª Ø§Ù„Ù‚Ø§Ø¦Ù…Ø©,Existing Properties,232,Ù…Ø±Ø¯Ù,Mirdif,,,null,,,,,Ù…Ø·Ø§Ø± Ø¯Ø¨ÙŠ Ø§Ù„Ø¯ÙˆÙ„ÙŠ,Dubai International Airport,Ù…Ø­Ø·Ø© Ù…ØªØ±Ùˆ Ø§Ù„Ø±Ø§Ø´Ø¯ÙŠØ©,Rashidiya Metro Station,Ø³ÙŠØªÙŠ Ø³Ù†ØªØ± Ù…Ø±Ø¯Ù,City Centre Mirdif,,,0,929.03,5700000,6135.43,null,null,1,1,0,,
2-13-2011-3699,13,2,Ø±Ù‡ÙˆÙ†,Mortgages,ØªØ³Ø¬ÙŠÙ„ Ø±Ù‡Ù†,Mortgage Registration,06/07/2011,4,ÙÙŠÙ„Ø§,Villa,null,,,Ø³ÙƒÙ†ÙŠ,Residential,1,Ø§Ù„Ø¹Ù‚Ø§Ø±Ø§Øª Ø§Ù„Ù‚Ø§Ø¦Ù…Ø©,Existing Properties,232,Ù…Ø±Ø¯Ù,Mirdif,,,null,,,,,Ù…Ø·Ø§Ø± Ø¯Ø¨ÙŠ Ø§Ù„Ø¯ÙˆÙ„ÙŠ,Dubai International Airport,Ù…Ø­Ø·Ø© Ù…ØªØ±Ùˆ Ø§Ù„Ø±Ø§Ø´Ø¯ÙŠØ©,Rashidiya Metro Station,Ø³ÙŠØªÙŠ Ø³Ù†ØªØ± Ù…Ø±Ø¯Ù,City Centre Mirdif,,,0,696.77,1021349,1465.83,null,null,1,1,0,,
1-11-2001-880,11,1,Ù…Ø¨Ø§ÙŠØ¹Ø§Øª,Sales,Ø¨ÙŠØ¹,Sell,28/08/2001,4,ÙÙŠÙ„Ø§,Villa,null,,,Ø³ÙƒÙ†ÙŠ,Residential,1,Ø§Ù„Ø¹Ù‚Ø§Ø±Ø§Øª Ø§Ù„Ù‚Ø§Ø¦Ù…Ø©,Existing Properties,232,Ù…Ø±Ø¯Ù,Mirdif,,,null,,,,,Ù…Ø·Ø§Ø± Ø¯Ø¨ÙŠ Ø§Ù„Ø¯ÙˆÙ„ÙŠ,Dubai International Airport,Ù…Ø­Ø·Ø© Ù…ØªØ±Ùˆ Ø§Ù„Ø±Ø§Ø´Ø¯ÙŠØ©,Rashidiya Metro Station,Ø³ÙŠØªÙŠ Ø³Ù†ØªØ± Ù…Ø±Ø¯Ù,City Centre Mirdif,,,0,1393.55,705000,505.9,null,null,1,1,0,,
2-13-2004-919,13,2,Ø±Ù‡ÙˆÙ†,Mortgages,ØªØ³Ø¬ÙŠÙ„ Ø±Ù‡Ù†,Mortgage Registration,27/09/2004,4,ÙÙŠÙ„Ø§,Villa,null,,,Ø³ÙƒÙ†ÙŠ,Residential,1,Ø§Ù„Ø¹Ù‚Ø§Ø±Ø§Øª Ø§Ù„Ù‚Ø§Ø¦Ù…Ø©,Existing Properties,232,Ù…Ø±Ø¯Ù,Mirdif,,,null,,,,,Ù…Ø·Ø§Ø± Ø¯Ø¨ÙŠ Ø§Ù„Ø¯ÙˆÙ„ÙŠ,Dubai International Airport,Ù…Ø­Ø·Ø© Ù…ØªØ±Ùˆ Ø§Ù„Ø±Ø§Ø´Ø¯ÙŠØ©,Rashidiya Metro Station,Ø³ÙŠØªÙŠ Ø³Ù†ØªØ± Ù…Ø±Ø¯Ù,City Centre Mirdif,,,0,2787.09,10000000,3587.97,null,null,1,1,0,,
2-14-2005-94,14,2,Ø±Ù‡ÙˆÙ†,Mortgages,ØªØ¹Ø¯ÙŠÙ„ Ø±Ù‡Ù†,Modify Mortgage,25/04/2005,4,ÙÙŠÙ„Ø§,Villa,null,,,Ø³ÙƒÙ†ÙŠ,Residential,1,Ø§Ù„Ø¹Ù‚Ø§Ø±Ø§Øª Ø§Ù„Ù‚Ø§Ø¦Ù…Ø©,Existing Properties,232,Ù…Ø±Ø¯Ù,Mirdif,,,null,,,,,Ù…Ø·Ø§Ø± Ø¯Ø¨ÙŠ Ø§Ù„Ø¯ÙˆÙ„ÙŠ,Dubai International Airport,Ù…Ø­Ø·Ø© Ù…ØªØ±Ùˆ Ø§Ù„Ø±Ø§Ø´Ø¯ÙŠØ©,Rashidiya Metro Station,Ø³ÙŠØªÙŠ Ø³Ù†ØªØ± Ù…Ø±Ø¯Ù,City Centre Mirdif,,,0,1393.55,746280,535.52,null,null,1,1,0,,
3-9-2017-1155,9,3,Ù‡Ø¨Ø§Øª,Gifts,Ù‡Ø¨Ù‡,Grant,20/07/2017,4,ÙÙŠÙ„Ø§,Villa,null,,,Ø³ÙƒÙ†ÙŠ,Residential,1,Ø§Ù„Ø¹Ù‚Ø§Ø±Ø§Øª Ø§Ù„Ù‚Ø§Ø¦Ù…Ø©,Existing Properties,232,Ù…Ø±Ø¯Ù,Mirdif,,,null,,,,,Ù…Ø·Ø§Ø± Ø¯Ø¨ÙŠ Ø§Ù„Ø¯ÙˆÙ„ÙŠ,Dubai International Airport,Ù…Ø­Ø·Ø© Ù…ØªØ±Ùˆ Ø§Ù„Ø±Ø§Ø´Ø¯ÙŠØ©,Rashidiya Metro Station,Ø³ÙŠØªÙŠ Ø³Ù†ØªØ± Ù…Ø±Ø¯Ù,City Centre Mirdif,,,0,2177.42,10623632,4879,null,null,5,5,0,,
2-13-1996-72,13,2,Ø±Ù‡ÙˆÙ†,Mortgages,ØªØ³Ø¬ÙŠÙ„ Ø±Ù‡Ù†,Mortgage Registration,25/03/1996,4,ÙÙŠÙ„Ø§,Villa,null,,,Ø³ÙƒÙ†ÙŠ,Residential,1,Ø§Ù„Ø¹Ù‚Ø§Ø±Ø§Øª Ø§Ù„Ù‚Ø§Ø¦Ù…Ø©,Existing Properties,232,Ù…Ø±Ø¯Ù,Mirdif,,,null,,,,,Ù…Ø·Ø§Ø± Ø¯Ø¨ÙŠ Ø§Ù„Ø¯ÙˆÙ„ÙŠ,Dubai International Airport,Ù…Ø­Ø·Ø© Ù…ØªØ±Ùˆ Ø§Ù„Ø±Ø§Ø´Ø¯ÙŠØ©,Rashidiya Metro Station,Ø³ÙŠØªÙŠ Ø³Ù†ØªØ± Ù…Ø±Ø¯Ù,City Centre Mirdif,,,0,884.81,500000,565.09,null,null,1,1,0,,
1-11-2014-25615,11,1,Ù…Ø¨Ø§ÙŠØ¹Ø§Øª,Sales,Ø¨ÙŠØ¹,Sell,24/11/2014,4,ÙÙŠÙ„Ø§,Villa,null,,,Ø³ÙƒÙ†ÙŠ,Residential,1,Ø§Ù„Ø¹Ù‚Ø§Ø±Ø§Øª Ø§Ù„Ù‚Ø§Ø¦Ù…Ø©,Existing Properties,232,Ù…Ø±Ø¯Ù,Mirdif,,,null,,,,,Ù…Ø·Ø§Ø± Ø¯Ø¨ÙŠ Ø§Ù„Ø¯ÙˆÙ„ÙŠ,Dubai International Airport,Ù…Ø­Ø·Ø© Ù…ØªØ±Ùˆ Ø§Ù„Ø±Ø§Ø´Ø¯ÙŠØ©,Rashidiya Metro Station,Ø³ÙŠØªÙŠ Ø³Ù†ØªØ± Ù…Ø±Ø¯Ù,City Centre Mirdif,,,0,696.77,3400000,4879.66,null,null,9,1,0,,
3-9-2019-395,9,3,Ù‡Ø¨Ø§Øª,Gifts,Ù‡Ø¨Ù‡,Grant,12/02/2019,2,Ù…Ø¨Ù†Ù‰,Building,null,,,Ø³ÙƒÙ†ÙŠ,Residential,1,Ø§Ù„Ø¹Ù‚Ø§Ø±Ø§Øª Ø§Ù„Ù‚Ø§Ø¦Ù…Ø©,Existing Properties,244,Ø§Ù„Ù…Ø±Ù‚Ø¨Ø§Øª,Al Murqabat,,,null,,,,,Ù…Ø·Ø§Ø± Ø¯Ø¨ÙŠ Ø§Ù„Ø¯ÙˆÙ„ÙŠ,Dubai International Airport,Ù…Ø­Ø·Ø© Ù…ØªØ±Ùˆ ØµÙ„Ø§Ø­ Ø§Ù„Ø¯ÙŠÙ†,Salah Al Din Metro Station,Ù…ÙˆÙ„ Ø¯Ø¨ÙŠ,Dubai Mall,,,0,112.2,2666619,23766.66,null,null,1,6,0,,
2-13-2012-4835,13,2,Ø±Ù‡ÙˆÙ†,Mortgages,ØªØ³Ø¬ÙŠÙ„ Ø±Ù‡Ù†,Mortgage Registration,10/12/2012,2,Ù…Ø¨Ù†Ù‰,Building,null,,,Ø³ÙƒÙ†ÙŠ,Residential,1,Ø§Ù„Ø¹Ù‚Ø§Ø±Ø§Øª Ø§Ù„Ù‚Ø§Ø¦Ù…Ø©,Existing Properties,244,Ø§Ù„Ù…Ø±Ù‚Ø¨Ø§Øª,Al Murqabat,,,null,,,,,Ù…Ø·Ø§Ø± Ø¯Ø¨ÙŠ Ø§Ù„Ø¯ÙˆÙ„ÙŠ,Dubai International Airport,Ù…Ø­Ø·Ø© Ù…ØªØ±Ùˆ Ø£Ø¨Ùˆ Ø¨ÙƒØ± Ø§Ù„ØµØ¯ÙŠÙ‚,Abu Baker Al Siddique Metro Station,Ù…ÙˆÙ„ Ø¯Ø¨ÙŠ,Dubai Mall,,,0,475.48,5100000,10726,null,null,1,1,0,,
2-13-2000-510,13,2,Ø±Ù‡ÙˆÙ†,Mortgages,ØªØ³Ø¬ÙŠÙ„ Ø±Ù‡Ù†,Mortgage Registration,04/07/2000,2,Ù…Ø¨Ù†Ù‰,Building,null,,,ØªØ¬Ø§Ø±ÙŠ,Commercial,1,Ø§Ù„Ø¹Ù‚Ø§Ø±Ø§Øª Ø§Ù„Ù‚Ø§Ø¦Ù…Ø©,Existing Properties,240,Ø¨ÙˆØ± Ø³Ø¹ÙŠØ¯,Port Saeed,,,null,,,,,Ù…Ø·Ø§Ø± Ø¯Ø¨ÙŠ Ø§Ù„Ø¯ÙˆÙ„ÙŠ,Dubai International Airport,Ø¯ÙŠØ±Ø© Ø³ÙŠØªÙŠ Ø³Ù†ØªØ±,Deira City Centre,Ù…ÙˆÙ„ Ø¯Ø¨ÙŠ,Dubai Mall,,,0,2146.34,17000000,7920.46,null,null,1,1,0,,
1-11-2003-1526,11,1,Ù…Ø¨Ø§ÙŠØ¹Ø§Øª,Sales,Ø¨ÙŠØ¹,Sell,13/10/2003,4,ÙÙŠÙ„Ø§,Villa,null,,,Ø³ÙƒÙ†ÙŠ,Residential,1,Ø§Ù„Ø¹Ù‚Ø§Ø±Ø§Øª Ø§Ù„Ù‚Ø§Ø¦Ù…Ø©,Existing Properties,249,Ø§Ù„Ù…Ø·ÙŠÙ†Ù‡,Al Muteena,,,null,,,,,Ù…Ø·Ø§Ø± Ø¯Ø¨ÙŠ Ø§Ù„Ø¯ÙˆÙ„ÙŠ,Dubai International Airport,Ù…Ø­Ø·Ø© Ù…ØªØ±Ùˆ ØµÙ„Ø§Ø­ Ø§Ù„Ø¯ÙŠÙ†,Salah Al Din Metro Station,Ù…ÙˆÙ„ Ø¯Ø¨ÙŠ,Dubai Mall,,,0,180.23,450000,2496.81,null,null,1,1,0,,
1-11-2007-897,11,1,Ù…Ø¨Ø§ÙŠØ¹Ø§Øª,Sales,Ø¨ÙŠØ¹,Sell,02/04/2007,2,Ù…Ø¨Ù†Ù‰,Building,null,,,Ø³ÙƒÙ†ÙŠ,Residential,1,Ø§Ù„Ø¹Ù‚Ø§Ø±Ø§Øª Ø§Ù„Ù‚Ø§Ø¦Ù…Ø©,Existing Properties,249,Ø§Ù„Ù…Ø·ÙŠÙ†Ù‡,Al Muteena,,,null,,,,,Ù…Ø·Ø§Ø± Ø¯Ø¨ÙŠ Ø§Ù„Ø¯ÙˆÙ„ÙŠ,Dubai International Airport,Ù…Ø­Ø·Ø© Ù…ØªØ±Ùˆ ØµÙ„Ø§Ø­ Ø§Ù„Ø¯ÙŠÙ†,Salah Al Din Metro Station,Ù…ÙˆÙ„ Ø¯Ø¨ÙŠ,Dubai Mall,,,0,196.95,3600000,18278.75,null,null,2,1,0,,
3-9-2019-3485,9,3,Ù‡Ø¨Ø§Øª,Gifts,Ù‡Ø¨Ù‡,Grant,23/12/2019,2,Ù…Ø¨Ù†Ù‰,Building,null,,,ØªØ¬Ø§Ø±ÙŠ,Commercial,1,Ø§Ù„Ø¹Ù‚Ø§Ø±Ø§Øª Ø§Ù„Ù‚Ø§Ø¦Ù…Ø©,Existing Properties,249,Ø§Ù„Ù…Ø·ÙŠÙ†Ù‡,Al Muteena,,,null,,,,,Ù…Ø·Ø§Ø± Ø¯Ø¨ÙŠ Ø§Ù„Ø¯ÙˆÙ„ÙŠ,Dubai International Airport,Ù…Ø­Ø·Ø© Ù…ØªØ±Ùˆ ØµÙ„Ø§Ø­ Ø§Ù„Ø¯ÙŠÙ†,Salah Al Din Metro Station,Ù…ÙˆÙ„ Ø¯Ø¨ÙŠ,Dubai Mall,,,0,3545.18,5712500,1611.34,null,null,1,1,0,,
2-13-1999-57,13,2,Ø±Ù‡ÙˆÙ†,Mortgages,ØªØ³Ø¬ÙŠÙ„ Ø±Ù‡Ù†,Mortgage Registration,26/01/1999,1,Ø£Ø±Ø¶,Land,null,,,ØªØ¬Ø§Ø±ÙŠ,Commercial,1,Ø§Ù„Ø¹Ù‚Ø§Ø±Ø§Øª Ø§Ù„Ù‚Ø§Ø¦Ù…Ø©,Existing Properties,249,Ø§Ù„Ù…Ø·ÙŠÙ†Ù‡,Al Muteena,,,null,,,,,Ù…Ø·Ø§Ø± Ø¯Ø¨ÙŠ Ø§Ù„Ø¯ÙˆÙ„ÙŠ,Dubai International Airport,Ù…Ø­Ø·Ø© Ù…ØªØ±Ùˆ ØµÙ„Ø§Ø­ Ø§Ù„Ø¯ÙŠÙ†,Salah Al Din Metro Station,Ù…ÙˆÙ„ Ø¯Ø¨ÙŠ,Dubai Mall,,,0,120.03,456002,3799.07,null,null,1,1,0,,
2-14-2016-1332,14,2,Ø±Ù‡ÙˆÙ†,Mortgages,ØªØ¹Ø¯ÙŠÙ„ Ø±Ù‡Ù†,Modify Mortgage,06/12/2016,2,Ù…Ø¨Ù†Ù‰,Building,null,,,Ø³ÙƒÙ†ÙŠ,Residential,1,Ø§Ù„Ø¹Ù‚Ø§Ø±Ø§Øª Ø§Ù„Ù‚Ø§Ø¦Ù…Ø©,Existing Properties,249,Ø§Ù„Ù…Ø·ÙŠÙ†Ù‡,Al Muteena,,,null,,,,,Ù…Ø·Ø§Ø± Ø¯Ø¨ÙŠ Ø§Ù„Ø¯ÙˆÙ„ÙŠ,Dubai International Airport,Ù…Ø­Ø·Ø© Ù…ØªØ±Ùˆ ØµÙ„Ø§Ø­ Ø§Ù„Ø¯ÙŠÙ†,Salah Al Din Metro Station,Ù…ÙˆÙ„ Ø¯Ø¨ÙŠ,Dubai Mall,,,0,204.39,1200000,5871.13,null,null,5,1,0,,
1-11-2015-12441,11,1,Ù…Ø¨Ø§ÙŠØ¹Ø§Øª,Sales,Ø¨ÙŠØ¹,Sell,06/08/2015,1,Ø£Ø±Ø¶,Land,null,,,Ø³ÙƒÙ†ÙŠ,Residential,1,Ø§Ù„Ø¹Ù‚Ø§Ø±Ø§Øª Ø§Ù„Ù‚Ø§Ø¦Ù…Ø©,Existing Properties,249,Ø§Ù„Ù…Ø·ÙŠÙ†Ù‡,Al Muteena,,,null,,,,,Ù…Ø·Ø§Ø± Ø¯Ø¨ÙŠ Ø§Ù„Ø¯ÙˆÙ„ÙŠ,Dubai International Airport,Ù…Ø­Ø·Ø© Ù…ØªØ±Ùˆ ØµÙ„Ø§Ø­ Ø§Ù„Ø¯ÙŠÙ†,Salah Al Din Metro Station,Ù…ÙˆÙ„ Ø¯Ø¨ÙŠ,Dubai Mall,,,0,273.6,3150000,11513.16,null,null,1,1,0,,
3-9-2005-300040,9,3,Ù‡Ø¨Ø§Øª,Gifts,Ù‡Ø¨Ù‡,Grant,28/02/2005,2,Ù…Ø¨Ù†Ù‰,Building,null,,,ØªØ¬Ø§Ø±ÙŠ,Commercial,1,Ø§Ù„Ø¹Ù‚Ø§Ø±Ø§Øª Ø§Ù„Ù‚Ø§Ø¦Ù…Ø©,Existing Properties,254,Ø§Ù„Ø¨Ø·ÙŠÙ†,Al Buteen,,,null,,,,,Ù…Ø·Ø§Ø± Ø¯Ø¨ÙŠ Ø§Ù„Ø¯ÙˆÙ„ÙŠ,Dubai International Airport,Ù…Ø­Ø·Ø© Ù…ØªØ±Ùˆ Ù…ÙŠØ¯Ø§Ù† Ø¨Ù†ÙŠ ÙŠØ§Ø³,Baniyas Square Metro Station,Ù…ÙˆÙ„ Ø¯Ø¨ÙŠ,Dubai Mall,,,0,39.04,2730000,69928.28,null,null,1,2,0,,
2-14-2006-390,14,2,Ø±Ù‡ÙˆÙ†,Mortgages,ØªØ¹Ø¯ÙŠÙ„ Ø±Ù‡Ù†,Modify Mortgage,21/11/2006,2,Ù…Ø¨Ù†Ù‰,Building,null,,,Ø³ÙƒÙ†ÙŠ / ØªØ¬Ø§Ø±ÙŠ,Residential / Commercial,1,Ø§Ù„Ø¹Ù‚Ø§Ø±Ø§Øª Ø§Ù„Ù‚Ø§Ø¦Ù…Ø©,Existing Properties,238,Ø§Ù„Ø¶ØºØ§ÙŠÙ‡,Al Dhagaya,,,null,,,,,Ù…Ø·Ø§Ø± Ø¯Ø¨ÙŠ Ø§Ù„Ø¯ÙˆÙ„ÙŠ,Dubai International Airport,Ù…Ø­Ø·Ø§Øª Ù…ØªØ±Ùˆ Ù†Ø®Ù„Ø© Ø¯ÙŠØ±Ø©,Palm Deira Metro Stations,Ù…ÙˆÙ„ Ø¯Ø¨ÙŠ,Dubai Mall,,,0,144.37,1864289,12913.27,null,null,1,1,0,,
1-11-2001-300051,11,1,Ù…Ø¨Ø§ÙŠØ¹Ø§Øª,Sales,Ø¨ÙŠØ¹,Sell,11/07/2001,2,Ù…Ø¨Ù†Ù‰,Building,null,,,ØªØ¬Ø§Ø±ÙŠ,Commercial,1,Ø§Ù„Ø¹Ù‚Ø§Ø±Ø§Øª Ø§Ù„Ù‚Ø§Ø¦Ù…Ø©,Existing Properties,254,Ø§Ù„Ø¨Ø·ÙŠÙ†,Al Buteen,,,null,,,,,Ù…Ø·Ø§Ø± Ø¯Ø¨ÙŠ Ø§Ù„Ø¯ÙˆÙ„ÙŠ,Dubai International Airport,Ù…Ø­Ø·Ø© Ù…ØªØ±Ùˆ Ø§Ù„Ø±Ø§Ø³,Al Ras Metro Station,Ù…ÙˆÙ„ Ø¯Ø¨ÙŠ,Dubai Mall,,,0,61.59,1166666,18942.46,null,null,1,1,0,,
2-13-2006-1318,13,2,Ø±Ù‡ÙˆÙ†,Mortgages,ØªØ³Ø¬ÙŠÙ„ Ø±Ù‡Ù†,Mortgage Registration,25/09/2006,2,Ù…Ø¨Ù†Ù‰,Building,null,,,ØµÙ†Ø§Ø¹ÙŠ,Industrial,1,Ø§Ù„Ø¹Ù‚Ø§Ø±Ø§Øª Ø§Ù„Ù‚Ø§Ø¦Ù…Ø©,Existing Properties,247,Ø§Ù„Ø®Ø¨ÙŠØµÙ‰,Al Khabeesi,,,null,,,,,Ù…Ø·Ø§Ø± Ø¯Ø¨ÙŠ Ø§Ù„Ø¯ÙˆÙ„ÙŠ,Dubai International Airport,Ù…Ø­Ø·Ø© Ù…ØªØ±Ùˆ Ø£Ø¨Ùˆ Ø¨ÙƒØ± Ø§Ù„ØµØ¯ÙŠÙ‚,Abu Baker Al Siddique Metro Station,Ø³ÙŠØªÙŠ Ø³Ù†ØªØ± Ù…Ø±Ø¯Ù,City Centre Mirdif,,,0,2240.82,10000000,4462.65,null,null,2,1,0,,
1-11-2007-1102,11,1,Ù…Ø¨Ø§ÙŠØ¹Ø§Øª,Sales,Ø¨ÙŠØ¹,Sell,23/04/2007,2,Ù…Ø¨Ù†Ù‰,Building,null,,,Ø³ÙƒÙ†ÙŠ,Residential,1,Ø§Ù„Ø¹Ù‚Ø§Ø±Ø§Øª Ø§Ù„Ù‚Ø§Ø¦Ù…Ø©,Existing Properties,264,Ù†Ø¯ Ø§Ù„Ø­Ù…Ø±,Nad Al Hamar,,,null,,,,,Ù…Ø·Ø§Ø± Ø¯Ø¨ÙŠ Ø§Ù„Ø¯ÙˆÙ„ÙŠ,Dubai International Airport,Ù…Ø­Ø·Ø© Ù…ØªØ±Ùˆ Ø§Ù„Ø±Ø§Ø´Ø¯ÙŠØ©,Rashidiya Metro Station,Ø³ÙŠØªÙŠ Ø³Ù†ØªØ± Ù…Ø±Ø¯Ù,City Centre Mirdif,,,0,1546.65,2700000,1745.71,null,null,1,1,0,,
1-11-2012-16120,11,1,Ù…Ø¨Ø§ÙŠØ¹Ø§Øª,Sales,Ø¨ÙŠØ¹,Sell,10/09/2012,4,ÙÙŠÙ„Ø§,Villa,null,,,Ø³ÙƒÙ†ÙŠ,Residential,1,Ø§Ù„Ø¹Ù‚Ø§Ø±Ø§Øª Ø§Ù„Ù‚Ø§Ø¦Ù…Ø©,Existing Properties,233,Ù‡ÙˆØ± Ø§Ù„Ø¹Ù†Ø²,Hor Al Anz,,,null,,,,,Ù…Ø·Ø§Ø± Ø¯Ø¨ÙŠ Ø§Ù„Ø¯ÙˆÙ„ÙŠ,Dubai International Airport,Ù…Ø­Ø·Ø© Ù…ØªØ±Ùˆ Ø£Ø¨Ùˆ Ø¨ÙƒØ± Ø§Ù„ØµØ¯ÙŠÙ‚,Abu Baker Al Siddique Metro Station,Ø³ÙŠØªÙŠ Ø³Ù†ØªØ± Ù…Ø±Ø¯Ù,City Centre Mirdif,,,0,209.03,1220000,5836.48,null,null,6,1,0,,
2-13-2003-746,13,2,Ø±Ù‡ÙˆÙ†,Mortgages,ØªØ³Ø¬ÙŠÙ„ Ø±Ù‡Ù†,Mortgage Registration,23/09/2003,4,ÙÙŠÙ„Ø§,Villa,null,,,Ø³ÙƒÙ†ÙŠ,Residential,1,Ø§Ù„Ø¹Ù‚Ø§Ø±Ø§Øª Ø§Ù„Ù‚Ø§Ø¦Ù…Ø©,Existing Properties,264,Ù†Ø¯ Ø§Ù„Ø­Ù…Ø±,Nad Al Hamar,,,null,,,,,Ù…Ø·Ø§Ø± Ø¯Ø¨ÙŠ Ø§Ù„Ø¯ÙˆÙ„ÙŠ,Dubai International Airport,Ù…Ø­Ø·Ø© Ù…ØªØ±Ùˆ Ø§Ù„Ø±Ø§Ø´Ø¯ÙŠØ©,Rashidiya Metro Station,Ø³ÙŠØªÙŠ Ø³Ù†ØªØ± Ù…Ø±Ø¯Ù,City Centre Mirdif,,,0,1393.55,500000,358.8,null,null,1,1,0,,
1-11-2012-5180,11,1,Ù…Ø¨Ø§ÙŠØ¹Ø§Øª,Sales,Ø¨ÙŠØ¹,Sell,28/03/2012,2,Ù…Ø¨Ù†Ù‰,Building,null,,,Ø³ÙƒÙ†ÙŠ,Residential,1,Ø§Ù„Ø¹Ù‚Ø§Ø±Ø§Øª Ø§Ù„Ù‚Ø§Ø¦Ù…Ø©,Existing Properties,233,Ù‡ÙˆØ± Ø§Ù„Ø¹Ù†Ø²,Hor Al Anz,,,null,,,,,Ù…Ø·Ø§Ø± Ø¯Ø¨ÙŠ Ø§Ù„Ø¯ÙˆÙ„ÙŠ,Dubai International Airport,Ù…Ø­Ø·Ø© Ù…ØªØ±Ùˆ Ø£Ø¨Ùˆ Ø¨ÙƒØ± Ø§Ù„ØµØ¯ÙŠÙ‚,Abu Baker Al Siddique Metro Station,,,,,0,332.87,3000000,9012.53,null,null,1,1,0,,
1-11-2007-1252,11,1,Ù…Ø¨Ø§ÙŠØ¹Ø§Øª,Sales,Ø¨ÙŠØ¹,Sell,03/05/2007,4,ÙÙŠÙ„Ø§,Villa,null,,,Ø³ÙƒÙ†ÙŠ,Residential,1,Ø§Ù„Ø¹Ù‚Ø§Ø±Ø§Øª Ø§Ù„Ù‚Ø§Ø¦Ù…Ø©,Existing Properties,233,Ù‡ÙˆØ± Ø§Ù„Ø¹Ù†Ø²,Hor Al Anz,,,null,,,,,Ù…Ø·Ø§Ø± Ø¯Ø¨ÙŠ Ø§Ù„Ø¯ÙˆÙ„ÙŠ,Dubai International Airport,Ù…Ø­Ø·Ø© Ù…ØªØ±Ùˆ Ø£Ø¨Ùˆ Ø¨ÙƒØ± Ø§Ù„ØµØ¯ÙŠÙ‚,Abu Baker Al Siddique Metro Station,,,,,0,192.31,1800000,9359.89,null,null,2,1,0,,
1-11-2007-1329,11,1,Ù…Ø¨Ø§ÙŠØ¹Ø§Øª,Sales,Ø¨ÙŠØ¹,Sell,10/05/2007,4,ÙÙŠÙ„Ø§,Villa,null,,,Ø³ÙƒÙ†ÙŠ,Residential,1,Ø§Ù„Ø¹Ù‚Ø§Ø±Ø§Øª Ø§Ù„Ù‚Ø§Ø¦Ù…Ø©,Existing Properties,233,Ù‡ÙˆØ± Ø§Ù„Ø¹Ù†Ø²,Hor Al Anz,,,null,,,,,Ù…Ø·Ø§Ø± Ø¯Ø¨ÙŠ Ø§Ù„Ø¯ÙˆÙ„ÙŠ,Dubai International Airport,Ù…Ø­Ø·Ø© Ù…ØªØ±Ùˆ Ø£Ø¨Ùˆ Ø¨ÙƒØ± Ø§Ù„ØµØ¯ÙŠÙ‚,Abu Baker Al Siddique Metro Station,,,,,0,192.31,2100000,10919.87,null,null,1,1,0,,
1-11-2005-1022,11,1,Ù…Ø¨Ø§ÙŠØ¹Ø§Øª,Sales,Ø¨ÙŠØ¹,Sell,18/04/2005,2,Ù…Ø¨Ù†Ù‰,Building,null,,,Ø³ÙƒÙ†ÙŠ,Residential,1,Ø§Ù„Ø¹Ù‚Ø§Ø±Ø§Øª Ø§Ù„Ù‚Ø§Ø¦Ù…Ø©,Existing Properties,233,Ù‡ÙˆØ± Ø§Ù„Ø¹Ù†Ø²,Hor Al Anz,,,null,,,,,Ù…Ø·Ø§Ø± Ø¯Ø¨ÙŠ Ø§Ù„Ø¯ÙˆÙ„ÙŠ,Dubai International Airport,Ù…Ø­Ø·Ø© Ù…ØªØ±Ùˆ Ø£Ø¨Ùˆ Ø¨ÙƒØ± Ø§Ù„ØµØ¯ÙŠÙ‚,Abu Baker Al Siddique Metro Station,,,,,0,235.88,1400000,5935.22,null,null,1,1,0,,
1-11-2013-5507,11,1,Ù…Ø¨Ø§ÙŠØ¹Ø§Øª,Sales,Ø¨ÙŠØ¹,Sell,22/02/2013,4,ÙÙŠÙ„Ø§,Villa,null,,,ØªØ¬Ø§Ø±ÙŠ,Commercial,1,Ø§Ù„Ø¹Ù‚Ø§Ø±Ø§Øª Ø§Ù„Ù‚Ø§Ø¦Ù…Ø©,Existing Properties,233,Ù‡ÙˆØ± Ø§Ù„Ø¹Ù†Ø²,Hor Al Anz,,,null,,,,,Ù…Ø·Ø§Ø± Ø¯Ø¨ÙŠ Ø§Ù„Ø¯ÙˆÙ„ÙŠ,Dubai International Airport,Ù…Ø­Ø·Ø© Ù…ØªØ±Ùˆ Ø£Ø¨Ùˆ Ø¨ÙƒØ± Ø§Ù„ØµØ¯ÙŠÙ‚,Abu Baker Al Siddique Metro Station,Ø³ÙŠØªÙŠ Ø³Ù†ØªØ± Ù…Ø±Ø¯Ù,City Centre Mirdif,,,0,97.55,950000,9738.6,null,null,2,1,0,,
1-11-2025-40623,11,1,Ù…Ø¨Ø§ÙŠØ¹Ø§Øª,Sales,Ø¨ÙŠØ¹,Sell,06/10/2025,4,ÙÙŠÙ„Ø§,Villa,null,,,ØªØ¬Ø§Ø±ÙŠ,Commercial,1,Ø§Ù„Ø¹Ù‚Ø§Ø±Ø§Øª Ø§Ù„Ù‚Ø§Ø¦Ù…Ø©,Existing Properties,233,Ù‡ÙˆØ± Ø§Ù„Ø¹Ù†Ø²,Hor Al Anz,,,null,,,,,Ù…Ø·Ø§Ø± Ø¯Ø¨ÙŠ Ø§Ù„Ø¯ÙˆÙ„ÙŠ,Dubai International Airport,Ù…Ø­Ø·Ø© Ù…ØªØ±Ùˆ Ø£Ø¨Ùˆ Ø¨ÙƒØ± Ø§Ù„ØµØ¯ÙŠÙ‚,Abu Baker Al Siddique Metro Station,,,,,0,272.25,2200000,8080.81,null,null,7,1,0,,
1-11-2004-1725,11,1,Ù…Ø¨Ø§ÙŠØ¹Ø§Øª,Sales,Ø¨ÙŠØ¹,Sell,03/08/2004,4,ÙÙŠÙ„Ø§,Villa,null,,,ØªØ¬Ø§Ø±ÙŠ,Commercial,1,Ø§Ù„Ø¹Ù‚Ø§Ø±Ø§Øª Ø§Ù„Ù‚Ø§Ø¦Ù…Ø©,Existing Properties,233,Ù‡ÙˆØ± Ø§Ù„Ø¹Ù†Ø²,Hor Al Anz,,,null,,,,,Ù…Ø·Ø§Ø± Ø¯Ø¨ÙŠ Ø§Ù„Ø¯ÙˆÙ„ÙŠ,Dubai International Airport,Ù…Ø­Ø·Ø© Ù…ØªØ±Ùˆ Ø£Ø¨Ùˆ Ø¨ÙƒØ± Ø§Ù„ØµØ¯ÙŠÙ‚,Abu Baker Al Siddique Metro Station,,,,,0,152.55,700000,4588.66,null,null,1,1,0,,
1-11-1998-670,11,1,Ù…Ø¨Ø§ÙŠØ¹Ø§Øª,Sales,Ø¨ÙŠØ¹,Sell,01/07/1998,2,Ù…Ø¨Ù†Ù‰,Building,null,,,Ø³ÙƒÙ†ÙŠ,Residential,1,Ø§Ù„Ø¹Ù‚Ø§Ø±Ø§Øª Ø§Ù„Ù‚Ø§Ø¦Ù…Ø©,Existing Properties,230,Ø§Ø¨Ùˆ Ù‡ÙŠÙ„,Abu Hail,,,null,,,,,Ù…Ø·Ø§Ø± Ø¯Ø¨ÙŠ Ø§Ù„Ø¯ÙˆÙ„ÙŠ,Dubai International Airport,Ù…Ø­Ø·Ø© Ù…ØªØ±Ùˆ Ø£Ø¨Ùˆ Ø¨ÙƒØ± Ø§Ù„ØµØ¯ÙŠÙ‚,Abu Baker Al Siddique Metro Station,,,,,0,334.45,1450000,4335.48,null,null,1,1,0,,
1-11-2004-172,11,1,Ù…Ø¨Ø§ÙŠØ¹Ø§Øª,Sales,Ø¨ÙŠØ¹,Sell,26/01/2004,2,Ù…Ø¨Ù†Ù‰,Building,null,,,Ø³ÙƒÙ†ÙŠ / ØªØ¬Ø§Ø±ÙŠ,Residential / Commercial,1,Ø§Ù„Ø¹Ù‚Ø§Ø±Ø§Øª Ø§Ù„Ù‚Ø§Ø¦Ù…Ø©,Existing Properties,233,Ù‡ÙˆØ± Ø§Ù„Ø¹Ù†Ø²,Hor Al Anz,,,null,,,,,Ù…Ø·Ø§Ø± Ø¯Ø¨ÙŠ Ø§Ù„Ø¯ÙˆÙ„ÙŠ,Dubai International Airport,Ù…Ø­Ø·Ø© Ù…ØªØ±Ùˆ Ø£Ø¨Ùˆ Ø¨ÙƒØ± Ø§Ù„ØµØ¯ÙŠÙ‚,Abu Baker Al Siddique Metro Station,Ø³ÙŠØªÙŠ Ø³Ù†ØªØ± Ù…Ø±Ø¯Ù,City Centre Mirdif,,,0,670.02,1300000,1940.24,null,null,10,1,0,,
3-9-2004-300050,9,3,Ù‡Ø¨Ø§Øª,Gifts,Ù‡Ø¨Ù‡,Grant,24/05/2004,2,Ù…Ø¨Ù†Ù‰,Building,null,,,Ø³ÙƒÙ†ÙŠ / ØªØ¬Ø§Ø±ÙŠ,Residential / Commercial,1,Ø§Ù„Ø¹Ù‚Ø§Ø±Ø§Øª Ø§Ù„Ù‚Ø§Ø¦Ù…Ø©,Existing Properties,240,Ø¨ÙˆØ± Ø³Ø¹ÙŠØ¯,Port Saeed,,,null,,,,,Ù…Ø·Ø§Ø± Ø¯Ø¨ÙŠ Ø§Ù„Ø¯ÙˆÙ„ÙŠ,Dubai International Airport,Ø¯ÙŠØ±Ø© Ø³ÙŠØªÙŠ Ø³Ù†ØªØ±,Deira City Centre,Ù…ÙˆÙ„ Ø¯Ø¨ÙŠ,Dubai Mall,,,0,316.09,2891998,9149.29,null,null,1,1,0,,
1-11-2020-6781,11,1,Ù…Ø¨Ø§ÙŠØ¹Ø§Øª,Sales,Ø¨ÙŠØ¹,Sell,01/09/2020,4,ÙÙŠÙ„Ø§,Villa,null,,,Ø³ÙƒÙ†ÙŠ,Residential,1,Ø§Ù„Ø¹Ù‚Ø§Ø±Ø§Øª Ø§Ù„Ù‚Ø§Ø¦Ù…Ø©,Existing Properties,264,Ù†Ø¯ Ø§Ù„Ø­Ù…Ø±,Nad Al Hamar,,,null,,,,,Ù…Ø·Ø§Ø± Ø¯Ø¨ÙŠ Ø§Ù„Ø¯ÙˆÙ„ÙŠ,Dubai International Airport,Ù…Ø­Ø·Ø© Ù…ØªØ±Ùˆ Ø§Ù„Ø±Ø§Ø´Ø¯ÙŠØ©,Rashidiya Metro Station,Ø³ÙŠØªÙŠ Ø³Ù†ØªØ± Ù…Ø±Ø¯Ù,City Centre Mirdif,,,0,1398.47,4900000,3503.83,null,null,17,1,0,,
1-11-2005-1044,11,1,Ù…Ø¨Ø§ÙŠØ¹Ø§Øª,Sales,Ø¨ÙŠØ¹,Sell,25/04/2005,2,Ù…Ø¨Ù†Ù‰,Building,null,,,Ø³ÙƒÙ†ÙŠ / ØªØ¬Ø§Ø±ÙŠ,Residential / Commercial,1,Ø§Ù„Ø¹Ù‚Ø§Ø±Ø§Øª Ø§Ù„Ù‚Ø§Ø¦Ù…Ø©,Existing Properties,233,Ù‡ÙˆØ± Ø§Ù„Ø¹Ù†Ø²,Hor Al Anz,,,null,,,,,Ù…Ø·Ø§Ø± Ø¯Ø¨ÙŠ Ø§Ù„Ø¯ÙˆÙ„ÙŠ,Dubai International Airport,Ù…Ø­Ø·Ø© Ù…ØªØ±Ùˆ Ø£Ø¨Ùˆ Ø¨ÙƒØ± Ø§Ù„ØµØ¯ÙŠÙ‚,Abu Baker Al Siddique Metro Station,Ø³ÙŠØªÙŠ Ø³Ù†ØªØ± Ù…Ø±Ø¯Ù,City Centre Mirdif,,,0,221.48,1300000,5869.6,null,null,9,1,0,,
2-13-2016-8921,13,2,Ø±Ù‡ÙˆÙ†,Mortgages,ØªØ³Ø¬ÙŠÙ„ Ø±Ù‡Ù†,Mortgage Registration,29/11/2016,4,ÙÙŠÙ„Ø§,Villa,null,,,Ø³ÙƒÙ†ÙŠ,Residential,1,Ø§Ù„Ø¹Ù‚Ø§Ø±Ø§Øª Ø§Ù„Ù‚Ø§Ø¦Ù…Ø©,Existing Properties,230,Ø§Ø¨Ùˆ Ù‡ÙŠÙ„,Abu Hail,,,null,,,,,Ù…Ø·Ø§Ø± Ø¯Ø¨ÙŠ Ø§Ù„Ø¯ÙˆÙ„ÙŠ,Dubai International Airport,Ù…Ø­Ø·Ø© Ù…ØªØ±Ùˆ Ø£Ø¨Ùˆ Ø¨ÙƒØ± Ø§Ù„ØµØ¯ÙŠÙ‚,Abu Baker Al Siddique Metro Station,,,,,0,281.03,1522500,5417.57,null,null,1,1,0,,
2-13-2007-702,13,2,Ø±Ù‡ÙˆÙ†,Mortgages,ØªØ³Ø¬ÙŠÙ„ Ø±Ù‡Ù†,Mortgage Registration,14/05/2007,4,ÙÙŠÙ„Ø§,Villa,null,,,Ø³ÙƒÙ†ÙŠ,Residential,1,Ø§Ù„Ø¹Ù‚Ø§Ø±Ø§Øª Ø§Ù„Ù‚Ø§Ø¦Ù…Ø©,Existing Properties,230,Ø§Ø¨Ùˆ Ù‡ÙŠÙ„,Abu Hail,,,null,,,,,Ù…Ø·Ø§Ø± Ø¯Ø¨ÙŠ Ø§Ù„Ø¯ÙˆÙ„ÙŠ,Dubai International Airport,Ù…Ø­Ø·Ø© Ù…ØªØ±Ùˆ Ø£Ø¨Ùˆ Ø¨ÙƒØ± Ø§Ù„ØµØ¯ÙŠÙ‚,Abu Baker Al Siddique Metro Station,,,,,0,232.26,1500000,6458.28,null,null,1,1,0,,
1-11-2013-5531,11,1,Ù…Ø¨Ø§ÙŠØ¹Ø§Øª,Sales,Ø¨ÙŠØ¹,Sell,25/02/2013,4,ÙÙŠÙ„Ø§,Villa,null,,,Ø³ÙƒÙ†ÙŠ,Residential,1,Ø§Ù„Ø¹Ù‚Ø§Ø±Ø§Øª Ø§Ù„Ù‚Ø§Ø¦Ù…Ø©,Existing Properties,230,Ø§Ø¨Ùˆ Ù‡ÙŠÙ„,Abu Hail,,,null,,,,,Ù…Ø·Ø§Ø± Ø¯Ø¨ÙŠ Ø§Ù„Ø¯ÙˆÙ„ÙŠ,Dubai International Airport,Ù…Ø­Ø·Ø© Ù…ØªØ±Ùˆ Ø£Ø¨Ùˆ Ø¨ÙƒØ± Ø§Ù„ØµØ¯ÙŠÙ‚,Abu Baker Al Siddique Metro Station,,,,,0,232.26,1000000,4305.52,null,null,1,1,0,,
3-9-2022-3480,9,3,Ù‡Ø¨Ø§Øª,Gifts,Ù‡Ø¨Ù‡,Grant,07/12/2022,4,ÙÙŠÙ„Ø§,Villa,null,,,Ø³ÙƒÙ†ÙŠ,Residential,1,Ø§Ù„Ø¹Ù‚Ø§Ø±Ø§Øª Ø§Ù„Ù‚Ø§Ø¦Ù…Ø©,Existing Properties,230,Ø§Ø¨Ùˆ Ù‡ÙŠÙ„,Abu Hail,,,null,,,,,Ù…Ø·Ø§Ø± Ø¯Ø¨ÙŠ Ø§Ù„Ø¯ÙˆÙ„ÙŠ,Dubai International Airport,Ù…Ø­Ø·Ø© Ù…ØªØ±Ùˆ Ø£Ø¨Ùˆ Ø¨ÙƒØ± Ø§Ù„ØµØ¯ÙŠÙ‚,Abu Baker Al Siddique Metro Station,,,,,0,781.81,1764011,2256.32,null,null,1,1,0,,
3-9-2017-2515,9,3,Ù‡Ø¨Ø§Øª,Gifts,Ù‡Ø¨Ù‡,Grant,26/12/2017,4,ÙÙŠÙ„Ø§,Villa,null,,,Ø³ÙƒÙ†ÙŠ,Residential,1,Ø§Ù„Ø¹Ù‚Ø§Ø±Ø§Øª Ø§Ù„Ù‚Ø§Ø¦Ù…Ø©,Existing Properties,230,Ø§Ø¨Ùˆ Ù‡ÙŠÙ„,Abu Hail,,,null,,,,,Ù…Ø·Ø§Ø± Ø¯Ø¨ÙŠ Ø§Ù„Ø¯ÙˆÙ„ÙŠ,Dubai International Airport,Ù…Ø­Ø·Ø© Ù…ØªØ±Ùˆ Ø£Ø¨Ùˆ Ø¨ÙƒØ± Ø§Ù„ØµØ¯ÙŠÙ‚,Abu Baker Al Siddique Metro Station,,,,,0,797.76,1800000,2256.32,null,null,1,1,0,,
1-11-1998-752,11,1,Ù…Ø¨Ø§ÙŠØ¹Ø§Øª,Sales,Ø¨ÙŠØ¹,Sell,20/07/1998,4,ÙÙŠÙ„Ø§,Villa,null,,,Ø³ÙƒÙ†ÙŠ,Residential,1,Ø§Ù„Ø¹Ù‚Ø§Ø±Ø§Øª Ø§Ù„Ù‚Ø§Ø¦Ù…Ø©,Existing Properties,230,Ø§Ø¨Ùˆ Ù‡ÙŠÙ„,Abu Hail,,,null,,,,,Ù…Ø·Ø§Ø± Ø¯Ø¨ÙŠ Ø§Ù„Ø¯ÙˆÙ„ÙŠ,Dubai International Airport,Ù…Ø­Ø·Ø© Ù…ØªØ±Ùˆ Ø£Ø¨Ùˆ Ø¨ÙƒØ± Ø§Ù„ØµØ¯ÙŠÙ‚,Abu Baker Al Siddique Metro Station,,,,,0,334.45,600000,1793.99,null,null,1,1,0,,
1-11-2011-11698,11,1,Ù…Ø¨Ø§ÙŠØ¹Ø§Øª,Sales,Ø¨ÙŠØ¹,Sell,18/07/2011,4,ÙÙŠÙ„Ø§,Villa,null,,,Ø³ÙƒÙ†ÙŠ,Residential,1,Ø§Ù„Ø¹Ù‚Ø§Ø±Ø§Øª Ø§Ù„Ù‚Ø§Ø¦Ù…Ø©,Existing Properties,230,Ø§Ø¨Ùˆ Ù‡ÙŠÙ„,Abu Hail,,,null,,,,,Ù…Ø·Ø§Ø± Ø¯Ø¨ÙŠ Ø§Ù„Ø¯ÙˆÙ„ÙŠ,Dubai International Airport,Ù…Ø­Ø·Ø© Ù…ØªØ±Ùˆ ØµÙ„Ø§Ø­ Ø§Ù„Ø¯ÙŠÙ†,Salah Al Din Metro Station,,,,,0,134.52,390000,2899.2,null,null,1,1,0,,
2-13-2000-405,13,2,Ø±Ù‡ÙˆÙ†,Mortgages,ØªØ³Ø¬ÙŠÙ„ Ø±Ù‡Ù†,Mortgage Registration,31/05/2000,4,ÙÙŠÙ„Ø§,Villa,null,,,Ø³ÙƒÙ†ÙŠ,Residential,1,Ø§Ù„Ø¹Ù‚Ø§Ø±Ø§Øª Ø§Ù„Ù‚Ø§Ø¦Ù…Ø©,Existing Properties,230,Ø§Ø¨Ùˆ Ù‡ÙŠÙ„,Abu Hail,,,null,,,,,Ù…Ø·Ø§Ø± Ø¯Ø¨ÙŠ Ø§Ù„Ø¯ÙˆÙ„ÙŠ,Dubai International Airport,Ù…Ø­Ø·Ø© Ù…ØªØ±Ùˆ Ø£Ø¨Ùˆ Ø¨ÙƒØ± Ø§Ù„ØµØ¯ÙŠÙ‚,Abu Baker Al Siddique Metro Station,,,,,0,280.47,1045309,3726.99,null,null,1,1,0,,
1-11-2012-8615,11,1,Ù…Ø¨Ø§ÙŠØ¹Ø§Øª,Sales,Ø¨ÙŠØ¹,Sell,14/05/2012,4,ÙÙŠÙ„Ø§,Villa,null,,,Ø³ÙƒÙ†ÙŠ,Residential,1,Ø§Ù„Ø¹Ù‚Ø§Ø±Ø§Øª Ø§Ù„Ù‚Ø§Ø¦Ù…Ø©,Existing Properties,230,Ø§Ø¨Ùˆ Ù‡ÙŠÙ„,Abu Hail,,,null,,,,,Ù…Ø·Ø§Ø± Ø¯Ø¨ÙŠ Ø§Ù„Ø¯ÙˆÙ„ÙŠ,Dubai International Airport,Ù…Ø­Ø·Ø© Ù…ØªØ±Ùˆ Ø£Ø¨Ùˆ Ø¨ÙƒØ± Ø§Ù„ØµØ¯ÙŠÙ‚,Abu Baker Al Siddique Metro Station,,,,,0,473.34,500000,1056.32,null,null,6,1,0,,
2-13-2008-2979,13,2,Ø±Ù‡ÙˆÙ†,Mortgages,ØªØ³Ø¬ÙŠÙ„ Ø±Ù‡Ù†,Mortgage Registration,22/12/2008,4,ÙÙŠÙ„Ø§,Villa,null,,,Ø³ÙƒÙ†ÙŠ,Residential,1,Ø§Ù„Ø¹Ù‚Ø§Ø±Ø§Øª Ø§Ù„Ù‚Ø§Ø¦Ù…Ø©,Existing Properties,298,Ø§Ù„ÙˆØ±Ù‚Ø§Ø¡ Ø§Ù„Ø«Ø§Ù„Ø«Ù‡,Al Warqa Third,,,null,,,,,Ù…Ø·Ø§Ø± Ø¯Ø¨ÙŠ Ø§Ù„Ø¯ÙˆÙ„ÙŠ,Dubai International Airport,Ù…Ø­Ø·Ø© Ù…ØªØ±Ùˆ Ø§Ù„Ø±Ø§Ø´Ø¯ÙŠØ©,Rashidiya Metro Station,Ø³ÙŠØªÙŠ Ø³Ù†ØªØ± Ù…Ø±Ø¯Ù,City Centre Mirdif,,,0,1388.44,750000,540.17,null,null,1,1,0,,
1-11-2001-300016,11,1,Ù…Ø¨Ø§ÙŠØ¹Ø§Øª,Sales,Ø¨ÙŠØ¹,Sell,26/02/2001,2,Ù…Ø¨Ù†Ù‰,Building,null,,,Ø³ÙƒÙ†ÙŠ,Residential,1,Ø§Ù„Ø¹Ù‚Ø§Ø±Ø§Øª Ø§Ù„Ù‚Ø§Ø¦Ù…Ø©,Existing Properties,239,Ø§Ù„Ø¨Ø±Ø§Ø­Ù‡,Al Baraha,,,null,,,,,Ù…Ø·Ø§Ø± Ø¯Ø¨ÙŠ Ø§Ù„Ø¯ÙˆÙ„ÙŠ,Dubai International Airport,Ù…Ø­Ø·Ø§Øª Ù…ØªØ±Ùˆ Ù†Ø®Ù„Ø© Ø¯ÙŠØ±Ø©,Palm Deira Metro Stations,Ù…ÙˆÙ„ Ø¯Ø¨ÙŠ,Dubai Mall,,,0,23.89,128555,5381.12,null,null,1,7,0,,
2-13-2005-552,13,2,Ø±Ù‡ÙˆÙ†,Mortgages,ØªØ³Ø¬ÙŠÙ„ Ø±Ù‡Ù†,Mortgage Registration,13/06/2005,4,ÙÙŠÙ„Ø§,Villa,null,,,Ø³ÙƒÙ†ÙŠ,Residential,1,Ø§Ù„Ø¹Ù‚Ø§Ø±Ø§Øª Ø§Ù„Ù‚Ø§Ø¦Ù…Ø©,Existing Properties,298,Ø§Ù„ÙˆØ±Ù‚Ø§Ø¡ Ø§Ù„Ø«Ø§Ù„Ø«Ù‡,Al Warqa Third,,,null,,,,,Ù…Ø·Ø§Ø± Ø¯Ø¨ÙŠ Ø§Ù„Ø¯ÙˆÙ„ÙŠ,Dubai International Airport,Ù…Ø­Ø·Ø© Ù…ØªØ±Ùˆ Ø§Ù„Ø±Ø§Ø´Ø¯ÙŠØ©,Rashidiya Metro Station,Ø³ÙŠØªÙŠ Ø³Ù†ØªØ± Ù…Ø±Ø¯Ù,City Centre Mirdif,,,0,1070.34,500000,467.14,null,null,1,1,0,,
1-11-2005-279,11,1,Ù…Ø¨Ø§ÙŠØ¹Ø§Øª,Sales,Ø¨ÙŠØ¹,Sell,26/01/2005,4,ÙÙŠÙ„Ø§,Villa,null,,,Ø³ÙƒÙ†ÙŠ,Residential,1,Ø§Ù„Ø¹Ù‚Ø§Ø±Ø§Øª Ø§Ù„Ù‚Ø§Ø¦Ù…Ø©,Existing Properties,264,Ù†Ø¯ Ø§Ù„Ø­Ù…Ø±,Nad Al Hamar,,,null,,,,,Ù…Ø·Ø§Ø± Ø¯Ø¨ÙŠ Ø§Ù„Ø¯ÙˆÙ„ÙŠ,Dubai International Airport,Ù…Ø­Ø·Ø© Ù…ØªØ±Ùˆ Ø§Ù„Ø±Ø§Ø´Ø¯ÙŠØ©,Rashidiya Metro Station,Ø³ÙŠØªÙŠ Ø³Ù†ØªØ± Ù…Ø±Ø¯Ù,City Centre Mirdif,,,0,1393.55,1425000,1022.57,null,null,1,1,0,,
2-14-2024-1220,14,2,Ø±Ù‡ÙˆÙ†,Mortgages,ØªØ¹Ø¯ÙŠÙ„ Ø±Ù‡Ù†,Modify Mortgage,10/10/2024,2,Ù…Ø¨Ù†Ù‰,Building,null,,,Ø³ÙƒÙ†ÙŠ / ØªØ¬Ø§Ø±ÙŠ,Residential / Commercial,1,Ø§Ù„Ø¹Ù‚Ø§Ø±Ø§Øª Ø§Ù„Ù‚Ø§Ø¦Ù…Ø©,Existing Properties,234,Ù‡ÙˆØ± Ø§Ù„Ø¹Ù†Ø² Ø´Ø±Ù‚,Hor Al Anz East,,,null,,,,,Ù…Ø·Ø§Ø± Ø¯Ø¨ÙŠ Ø§Ù„Ø¯ÙˆÙ„ÙŠ,Dubai International Airport,Ù…Ø­Ø·Ø© Ù…ØªØ±Ùˆ Ø§Ù„Ù‚ÙŠØ§Ø¯Ø©,Al Qiyadah Metro Station,Ø³ÙŠØªÙŠ Ø³Ù†ØªØ± Ù…Ø±Ø¯Ù,City Centre Mirdif,,,0,4707.02,94875000,20156.06,null,null,9,1,0,,
1-11-2007-779,11,1,Ù…Ø¨Ø§ÙŠØ¹Ø§Øª,Sales,Ø¨ÙŠØ¹,Sell,20/03/2007,4,ÙÙŠÙ„Ø§,Villa,null,,,Ø³ÙƒÙ†ÙŠ,Residential,1,Ø§Ù„Ø¹Ù‚Ø§Ø±Ø§Øª Ø§Ù„Ù‚Ø§Ø¦Ù…Ø©,Existing Properties,298,Ø§Ù„ÙˆØ±Ù‚Ø§Ø¡ Ø§Ù„Ø«Ø§Ù„Ø«Ù‡,Al Warqa Third,,,null,,,,,Ù…Ø·Ø§Ø± Ø¯Ø¨ÙŠ Ø§Ù„Ø¯ÙˆÙ„ÙŠ,Dubai International Airport,Ù…Ø­Ø·Ø© Ù…ØªØ±Ùˆ Ø§Ù„Ø±Ø§Ø´Ø¯ÙŠØ©,Rashidiya Metro Station,Ø³ÙŠØªÙŠ Ø³Ù†ØªØ± Ù…Ø±Ø¯Ù,City Centre Mirdif,,,0,1133.04,1524500,1345.5,null,null,1,1,0,,
2-13-2006-922,13,2,Ø±Ù‡ÙˆÙ†,Mortgages,ØªØ³Ø¬ÙŠÙ„ Ø±Ù‡Ù†,Mortgage Registration,24/07/2006,4,ÙÙŠÙ„Ø§,Villa,null,,,Ø³ÙƒÙ†ÙŠ,Residential,1,Ø§Ù„Ø¹Ù‚Ø§Ø±Ø§Øª Ø§Ù„Ù‚Ø§Ø¦Ù…Ø©,Existing Properties,298,Ø§Ù„ÙˆØ±Ù‚Ø§Ø¡ Ø§Ù„Ø«Ø§Ù„Ø«Ù‡,Al Warqa Third,,,null,,,,,Ù…Ø·Ø§Ø± Ø¯Ø¨ÙŠ Ø§Ù„Ø¯ÙˆÙ„ÙŠ,Dubai International Airport,Ù…Ø­Ø·Ø© Ù…ØªØ±Ùˆ Ø§Ù„Ø±Ø§Ø´Ø¯ÙŠØ©,Rashidiya Metro Station,Ø³ÙŠØªÙŠ Ø³Ù†ØªØ± Ù…Ø±Ø¯Ù,City Centre Mirdif,,,0,1107.87,750000,676.97,null,null,1,1,0,,
1-11-2014-16962,11,1,Ù…Ø¨Ø§ÙŠØ¹Ø§Øª,Sales,Ø¨ÙŠØ¹,Sell,02/07/2014,2,Ù…Ø¨Ù†Ù‰,Building,null,,,Ø³ÙƒÙ†ÙŠ,Residential,1,Ø§Ù„Ø¹Ù‚Ø§Ø±Ø§Øª Ø§Ù„Ù‚Ø§Ø¦Ù…Ø©,Existing Properties,298,Ø§Ù„ÙˆØ±Ù‚Ø§Ø¡ Ø§Ù„Ø«Ø§Ù„Ø«Ù‡,Al Warqa Third,,,null,,,,,Ù…Ø·Ø§Ø± Ø¯Ø¨ÙŠ Ø§Ù„Ø¯ÙˆÙ„ÙŠ,Dubai International Airport,Ù…Ø­Ø·Ø© Ù…ØªØ±Ùˆ Ø§Ù„Ø±Ø§Ø´Ø¯ÙŠØ©,Rashidiya Metro Station,Ø³ÙŠØªÙŠ Ø³Ù†ØªØ± Ù…Ø±Ø¯Ù,City Centre Mirdif,,,0,1305.57,3067155,2349.28,null,null,16,2,0,,
2-13-2006-852,13,2,Ø±Ù‡ÙˆÙ†,Mortgages,ØªØ³Ø¬ÙŠÙ„ Ø±Ù‡Ù†,Mortgage Registration,18/07/2006,2,Ù…Ø¨Ù†Ù‰,Building,null,,,ØªØ¬Ø§Ø±ÙŠ,Commercial,1,Ø§Ù„Ø¹Ù‚Ø§Ø±Ø§Øª Ø§Ù„Ù‚Ø§Ø¦Ù…Ø©,Existing Properties,240,Ø¨ÙˆØ± Ø³Ø¹ÙŠØ¯,Port Saeed,,,null,,,,,Ù…Ø·Ø§Ø± Ø¯Ø¨ÙŠ Ø§Ù„Ø¯ÙˆÙ„ÙŠ,Dubai International Airport,Ø¯ÙŠØ±Ø© Ø³ÙŠØªÙŠ Ø³Ù†ØªØ±,Deira City Centre,Ù…ÙˆÙ„ Ø¯Ø¨ÙŠ,Dubai Mall,,,0,3387.24,49000000,14466.05,null,null,1,1,0,,
2-14-2011-405,14,2,Ø±Ù‡ÙˆÙ†,Mortgages,ØªØ¹Ø¯ÙŠÙ„ Ø±Ù‡Ù†,Modify Mortgage,12/09/2011,2,Ù…Ø¨Ù†Ù‰,Building,null,,,ØªØ¬Ø§Ø±ÙŠ,Commercial,1,Ø§Ù„Ø¹Ù‚Ø§Ø±Ø§Øª Ø§Ù„Ù‚Ø§Ø¦Ù…Ø©,Existing Properties,240,Ø¨ÙˆØ± Ø³Ø¹ÙŠØ¯,Port Saeed,,,null,,,,,Ù…Ø·Ø§Ø± Ø¯Ø¨ÙŠ Ø§Ù„Ø¯ÙˆÙ„ÙŠ,Dubai International Airport,Ø¯ÙŠØ±Ø© Ø³ÙŠØªÙŠ Ø³Ù†ØªØ±,Deira City Centre,Ù…ÙˆÙ„ Ø¯Ø¨ÙŠ,Dubai Mall,,,0,3387.24,76000000,22437.15,null,null,1,1,0,,
3-9-2002-300067,9,3,Ù‡Ø¨Ø§Øª,Gifts,Ù‡Ø¨Ù‡,Grant,23/07/2002,2,Ù…Ø¨Ù†Ù‰,Building,null,,,ØªØ¬Ø§Ø±ÙŠ,Commercial,1,Ø§Ù„Ø¹Ù‚Ø§Ø±Ø§Øª Ø§Ù„Ù‚Ø§Ø¦Ù…Ø©,Existing Properties,247,Ø§Ù„Ø®Ø¨ÙŠØµÙ‰,Al Khabeesi,,,null,,,,,Ù…Ø·Ø§Ø± Ø¯Ø¨ÙŠ Ø§Ù„Ø¯ÙˆÙ„ÙŠ,Dubai International Airport,Ù…Ø­Ø·Ø© Ù…ØªØ±Ùˆ Ø£Ø¨Ùˆ Ø¨ÙƒØ± Ø§Ù„ØµØ¯ÙŠÙ‚,Abu Baker Al Siddique Metro Station,Ù…ÙˆÙ„ Ø¯Ø¨ÙŠ,Dubai Mall,,,0,1835.33,5660002,3083.92,null,null,1,2,0,,
2-13-2018-6733,13,2,Ø±Ù‡ÙˆÙ†,Mortgages,ØªØ³Ø¬ÙŠÙ„ Ø±Ù‡Ù†,Mortgage Registration,16/08/2018,2,Ù…Ø¨Ù†Ù‰,Building,null,,,Ø³ÙƒÙ†ÙŠ,Residential,1,Ø§Ù„Ø¹Ù‚Ø§Ø±Ø§Øª Ø§Ù„Ù‚Ø§Ø¦Ù…Ø©,Existing Properties,244,Ø§Ù„Ù…Ø±Ù‚Ø¨Ø§Øª,Al Murqabat,,,null,,,,,Ù…Ø·Ø§Ø± Ø¯Ø¨ÙŠ Ø§Ù„Ø¯ÙˆÙ„ÙŠ,Dubai International Airport,Ù…Ø­Ø·Ø© Ù…ØªØ±Ùˆ ØµÙ„Ø§Ø­ Ø§Ù„Ø¯ÙŠÙ†,Salah Al Din Metro Station,Ù…ÙˆÙ„ Ø¯Ø¨ÙŠ,Dubai Mall,,,0,635.74,6001079,9439.52,null,null,1,1,0,,
1-11-2005-1905,11,1,Ù…Ø¨Ø§ÙŠØ¹Ø§Øª,Sales,Ø¨ÙŠØ¹,Sell,19/09/2005,1,Ø£Ø±Ø¶,Land,null,,,Ø³ÙƒÙ†ÙŠ,Residential,1,Ø§Ù„Ø¹Ù‚Ø§Ø±Ø§Øª Ø§Ù„Ù‚Ø§Ø¦Ù…Ø©,Existing Properties,369,Ø§Ù„Ø¨Ø±Ø´Ø§Ø¡ Ø§Ù„Ø«Ø§Ù„Ø«Ù‡,Al Barsha Third,,,null,,,,,Ø¨Ø±Ø¬ Ø§Ù„Ø¹Ø±Ø¨,Burj Al Arab,Ù…Ø¯ÙŠÙ†Ø© Ø¯Ø¨ÙŠ Ù„Ù„Ø¥Ù†ØªØ±Ù†Øª,Dubai Internet City,Ù…ÙˆÙ„ Ø§Ù„Ø¥Ù…Ø§Ø±Ø§Øª,Mall of the Emirates,,,0,1393.55,2100000,1506.94,null,null,2,1,0,,
1-11-2019-8812,11,1,Ù…Ø¨Ø§ÙŠØ¹Ø§Øª,Sales,Ø¨ÙŠØ¹,Sell,30/09/2019,2,Ù…Ø¨Ù†Ù‰,Building,null,,,Ø³ÙƒÙ†ÙŠ / ØªØ¬Ø§Ø±ÙŠ,Residential / Commercial,1,Ø§Ù„Ø¹Ù‚Ø§Ø±Ø§Øª Ø§Ù„Ù‚Ø§Ø¦Ù…Ø©,Existing Properties,304,Ø§Ù… Ø³Ù‚ÙŠÙ… Ø§Ù„Ø«Ø§Ù†ÙŠÙ‡,Um Suqaim Second,,,null,,,,,Ø¨Ø±Ø¬ Ø§Ù„Ø¹Ø±Ø¨,Burj Al Arab,Ù…Ø­Ø·Ø© Ù…ØªØ±Ùˆ Ø¨Ù†Ùƒ Ø£Ø¨ÙˆØ¸Ø¨ÙŠ Ø§Ù„Ø£ÙˆÙ„,First Abu Dhabi Bank Metro Station,Ù…ÙˆÙ„ Ø§Ù„Ø¥Ù…Ø§Ø±Ø§Øª,Mall of the Emirates,,,0,728.45,3150000,4324.25,null,null,1,1,0,,
1-11-2024-13938,11,1,Ù…Ø¨Ø§ÙŠØ¹Ø§Øª,Sales,Ø¨ÙŠØ¹,Sell,24/04/2024,4,ÙÙŠÙ„Ø§,Villa,null,,,Ø³ÙƒÙ†ÙŠ,Residential,1,Ø§Ù„Ø¹Ù‚Ø§Ø±Ø§Øª Ø§Ù„Ù‚Ø§Ø¦Ù…Ø©,Existing Properties,316,Ø§Ù„Ù…Ø²Ù‡Ø± Ø§Ù„Ø§ÙˆÙ„Ù‰,Al Mizhar First,,,null,,,,,Ù…Ø·Ø§Ø± Ø¯Ø¨ÙŠ Ø§Ù„Ø¯ÙˆÙ„ÙŠ,Dubai International Airport,Ù…Ø­Ø·Ø© Ù…ØªØ±Ùˆ Ø§ØªØµØ§Ù„Ø§Øª,Etisalat Metro Station,Ø³ÙŠØªÙŠ Ø³Ù†ØªØ± Ù…Ø±Ø¯Ù,City Centre Mirdif,,,0,1393.55,5700000,4090.27,null,null,1,1,0,,
2-13-2010-812,13,2,Ø±Ù‡ÙˆÙ†,Mortgages,ØªØ³Ø¬ÙŠÙ„ Ø±Ù‡Ù†,Mortgage Registration,03/03/2010,4,ÙÙŠÙ„Ø§,Villa,null,,,Ø³ÙƒÙ†ÙŠ,Residential,1,Ø§Ù„Ø¹Ù‚Ø§Ø±Ø§Øª Ø§Ù„Ù‚Ø§Ø¦Ù…Ø©,Existing Properties,354,Ø§Ù„ÙˆØ±Ù‚Ø§Ø¡ Ø§Ù„Ø«Ø§Ù†ÙŠÙ‡,Al Warqa Second,,,null,,,,,Ù…Ø·Ø§Ø± Ø¯Ø¨ÙŠ Ø§Ù„Ø¯ÙˆÙ„ÙŠ,Dubai International Airport,Ù…Ø­Ø·Ø© Ù…ØªØ±Ùˆ Ø§Ù„Ø±Ø§Ø´Ø¯ÙŠØ©,Rashidiya Metro Station,Ø³ÙŠØªÙŠ Ø³Ù†ØªØ± Ù…Ø±Ø¯Ù,City Centre Mirdif,,,0,1098.67,750000,682.64,null,null,1,1,0,,
1-11-2005-918,11,1,Ù…Ø¨Ø§ÙŠØ¹Ø§Øª,Sales,Ø¨ÙŠØ¹,Sell,06/04/2005,4,ÙÙŠÙ„Ø§,Villa,null,,,Ø³ÙƒÙ†ÙŠ,Residential,1,Ø§Ù„Ø¹Ù‚Ø§Ø±Ø§Øª Ø§Ù„Ù‚Ø§Ø¦Ù…Ø©,Existing Properties,316,Ø§Ù„Ù…Ø²Ù‡Ø± Ø§Ù„Ø§ÙˆÙ„Ù‰,Al Mizhar First,,,null,,,,,Ù…Ø·Ø§Ø± Ø¯Ø¨ÙŠ Ø§Ù„Ø¯ÙˆÙ„ÙŠ,Dubai International Airport,Ù…Ø­Ø·Ø© Ù…ØªØ±Ùˆ Ø§ØªØµØ§Ù„Ø§Øª,Etisalat Metro Station,Ø³ÙŠØªÙŠ Ø³Ù†ØªØ± Ù…Ø±Ø¯Ù,City Centre Mirdif,,,0,3623.22,4875000,1345.49,null,null,1,1,0,,
1-11-2005-372,11,1,Ù…Ø¨Ø§ÙŠØ¹Ø§Øª,Sales,Ø¨ÙŠØ¹,Sell,07/02/2005,1,Ø£Ø±Ø¶,Land,null,,,Ø³ÙƒÙ†ÙŠ,Residential,1,Ø§Ù„Ø¹Ù‚Ø§Ø±Ø§Øª Ø§Ù„Ù‚Ø§Ø¦Ù…Ø©,Existing Properties,232,Ù…Ø±Ø¯Ù,Mirdif,,,null,,,,,Ù…Ø·Ø§Ø± Ø¯Ø¨ÙŠ Ø§Ù„Ø¯ÙˆÙ„ÙŠ,Dubai International Airport,Ù…Ø­Ø·Ø© Ù…ØªØ±Ùˆ Ø§Ù„Ø±Ø§Ø´Ø¯ÙŠØ©,Rashidiya Metro Station,Ø³ÙŠØªÙŠ Ø³Ù†ØªØ± Ù…Ø±Ø¯Ù,City Centre Mirdif,,,0,696.77,937500,1345.49,null,null,1,1,0,,
2-13-2007-1714,13,2,Ø±Ù‡ÙˆÙ†,Mortgages,ØªØ³Ø¬ÙŠÙ„ Ø±Ù‡Ù†,Mortgage Registration,05/09/2007,4,ÙÙŠÙ„Ø§,Villa,null,,,Ø³ÙƒÙ†ÙŠ,Residential,1,Ø§Ù„Ø¹Ù‚Ø§Ø±Ø§Øª Ø§Ù„Ù‚Ø§Ø¦Ù…Ø©,Existing Properties,354,Ø§Ù„ÙˆØ±Ù‚Ø§Ø¡ Ø§Ù„Ø«Ø§Ù†ÙŠÙ‡,Al Warqa Second,,,null,,,,,Ù…Ø·Ø§Ø± Ø¯Ø¨ÙŠ Ø§Ù„Ø¯ÙˆÙ„ÙŠ,Dubai International Airport,Ù…Ø­Ø·Ø© Ù…ØªØ±Ùˆ Ø§Ù„Ø±Ø§Ø´Ø¯ÙŠØ©,Rashidiya Metro Station,Ø³ÙŠØªÙŠ Ø³Ù†ØªØ± Ù…Ø±Ø¯Ù,City Centre Mirdif,,,0,1113.44,750000,673.59,null,null,1,1,0,,
2-13-2001-277,13,2,Ø±Ù‡ÙˆÙ†,Mortgages,ØªØ³Ø¬ÙŠÙ„ Ø±Ù‡Ù†,Mortgage Registration,07/05/2001,4,ÙÙŠÙ„Ø§,Villa,null,,,Ø³ÙƒÙ†ÙŠ,Residential,1,Ø§Ù„Ø¹Ù‚Ø§Ø±Ø§Øª Ø§Ù„Ù‚Ø§Ø¦Ù…Ø©,Existing Properties,312,Ù…Ø­ÙŠØµÙ†Ù‡ Ø§Ù„Ø§ÙˆÙ„Ù‰,Muhaisanah First,,,null,,,,,Ù…Ø·Ø§Ø± Ø¯Ø¨ÙŠ Ø§Ù„Ø¯ÙˆÙ„ÙŠ,Dubai International Airport,Ù…Ø­Ø·Ø© Ù…ØªØ±Ùˆ Ø§ØªØµØ§Ù„Ø§Øª,Etisalat Metro Station,Ø³ÙŠØªÙŠ Ø³Ù†ØªØ± Ù…Ø±Ø¯Ù,City Centre Mirdif,,,0,1380.26,500000,362.25,null,null,1,1,0,,
2-14-2012-380,14,2,Ø±Ù‡ÙˆÙ†,Mortgages,ØªØ¹Ø¯ÙŠÙ„ Ø±Ù‡Ù†,Modify Mortgage,18/06/2012,2,Ù…Ø¨Ù†Ù‰,Building,null,,,ØªØ¬Ø§Ø±ÙŠ,Commercial,1,Ø§Ù„Ø¹Ù‚Ø§Ø±Ø§Øª Ø§Ù„Ù‚Ø§Ø¦Ù…Ø©,Existing Properties,368,Ø§Ù„Ø¨Ø±Ø´Ø§Ø¡ Ø§Ù„Ø§ÙˆÙ„Ù‰,Al Barsha First,,,null,,,,,Ø¨Ø±Ø¬ Ø§Ù„Ø¹Ø±Ø¨,Burj Al Arab,Ù…Ø­Ø·Ø© Ù…ØªØ±Ùˆ Ø´Ø±Ù Ø¯ÙŠ Ø¬ÙŠ,Sharaf Dg Metro Station,Ù…ÙˆÙ„ Ø§Ù„Ø¥Ù…Ø§Ø±Ø§Øª,Mall of the Emirates,,,0,2931.46,52500000,17909.16,null,null,4,1,0,,
2-14-1999-21,14,2,Ø±Ù‡ÙˆÙ†,Mortgages,ØªØ¹Ø¯ÙŠÙ„ Ø±Ù‡Ù†,Modify Mortgage,15/03/1999,2,Ù…Ø¨Ù†Ù‰,Building,null,,,Ø³ÙƒÙ†ÙŠ / ØªØ¬Ø§Ø±ÙŠ,Residential / Commercial,1,Ø§Ù„Ø¹Ù‚Ø§Ø±Ø§Øª Ø§Ù„Ù‚Ø§Ø¦Ù…Ø©,Existing Properties,367,Ø§Ù„Ø³ÙˆÙ‚ Ø§Ù„ÙƒØ¨ÙŠØ±,Al Suq Al Kabeer,,,null,,,,,Ù…Ø·Ø§Ø± Ø¯Ø¨ÙŠ Ø§Ù„Ø¯ÙˆÙ„ÙŠ,Dubai International Airport,Ù…Ø­Ø·Ø© Ù…ØªØ±Ùˆ Ø§Ù„ÙÙ‡ÙŠØ¯ÙŠ,Al Fahidi Metro Station,Ù…ÙˆÙ„ Ø¯Ø¨ÙŠ,Dubai Mall,,,0,153.1,1500000,9797.52,null,null,1,1,0,,
3-9-2021-2214,9,3,Ù‡Ø¨Ø§Øª,Gifts,Ù‡Ø¨Ù‡,Grant,13/09/2021,1,Ø£Ø±Ø¶,Land,null,,,Ø³ÙƒÙ†ÙŠ,Residential,1,Ø§Ù„Ø¹Ù‚Ø§Ø±Ø§Øª Ø§Ù„Ù‚Ø§Ø¦Ù…Ø©,Existing Properties,375,Ø¬Ù…ÙŠØ±Ø§ Ø§Ù„Ø«Ø§Ù†ÙŠÙ‡,Jumeirah Second,,,null,,,,,Ø¨Ø±Ø¬ Ø®Ù„ÙŠÙØ©,Burj Khalifa,Ù…Ø­Ø·Ø© Ù…ØªØ±Ùˆ Ø§Ù„Ø®Ù„ÙŠØ¬ Ø§Ù„ØªØ¬Ø§Ø±ÙŠ,Business Bay Metro Station,Ù…ÙˆÙ„ Ø¯Ø¨ÙŠ,Dubai Mall,,,0,1858.06,8000000,4305.57,null,null,1,2,0,,
2-13-2004-1068,13,2,Ø±Ù‡ÙˆÙ†,Mortgages,ØªØ³Ø¬ÙŠÙ„ Ø±Ù‡Ù†,Mortgage Registration,29/11/2004,4,ÙÙŠÙ„Ø§,Villa,null,,,Ø³ÙƒÙ†ÙŠ,Residential,1,Ø§Ù„Ø¹Ù‚Ø§Ø±Ø§Øª Ø§Ù„Ù‚Ø§Ø¦Ù…Ø©,Existing Properties,393,Ø§Ù„Ø¨Ø±Ø´Ø§Ø¡ Ø§Ù„Ø«Ø§Ù†ÙŠÙ‡,Al Barsha Second,,,null,,,,,Ø¨Ø±Ø¬ Ø§Ù„Ø¹Ø±Ø¨,Burj Al Arab,Ù…Ø­Ø·Ø© Ù…ØªØ±Ùˆ Ø¨Ù†Ùƒ Ø£Ø¨ÙˆØ¸Ø¨ÙŠ Ø§Ù„Ø£ÙˆÙ„,First Abu Dhabi Bank Metro Station,Ù…ÙˆÙ„ Ø§Ù„Ø¥Ù…Ø§Ø±Ø§Øª,Mall of the Emirates,,,0,1374.96,250000,181.82,null,null,1,1,0,,
2-13-2000-434,13,2,Ø±Ù‡ÙˆÙ†,Mortgages,ØªØ³Ø¬ÙŠÙ„ Ø±Ù‡Ù†,Mortgage Registration,12/06/2000,1,Ø£Ø±Ø¶,Land,null,,,Ø³ÙƒÙ†ÙŠ,Residential,1,Ø§Ù„Ø¹Ù‚Ø§Ø±Ø§Øª Ø§Ù„Ù‚Ø§Ø¦Ù…Ø©,Existing Properties,359,Ø§Ù„Ø·ÙˆØ§Ø± Ø§Ù„Ø«Ø§Ù„Ø«Ù‡,Al Twar Third,,,null,,,,,Ù…Ø·Ø§Ø± Ø¯Ø¨ÙŠ Ø§Ù„Ø¯ÙˆÙ„ÙŠ,Dubai International Airport,Ù…Ø­Ø·Ø© Ù…ØªØ±Ùˆ Ø§ØªØµØ§Ù„Ø§Øª,Etisalat Metro Station,Ø³ÙŠØªÙŠ Ø³Ù†ØªØ± Ù…Ø±Ø¯Ù,City Centre Mirdif,,,0,1393.55,500000,358.8,null,null,1,1,0,,
1-11-2006-1643,11,1,Ù…Ø¨Ø§ÙŠØ¹Ø§Øª,Sales,Ø¨ÙŠØ¹,Sell,09/10/2006,2,Ù…Ø¨Ù†Ù‰,Building,null,,,Ø³ÙƒÙ†ÙŠ / ØªØ¬Ø§Ø±ÙŠ,Residential / Commercial,1,Ø§Ù„Ø¹Ù‚Ø§Ø±Ø§Øª Ø§Ù„Ù‚Ø§Ø¦Ù…Ø©,Existing Properties,278,Ù…Ù†Ø®ÙˆÙ„,Mankhool,,,null,,,,,Ù…Ø·Ø§Ø± Ø¯Ø¨ÙŠ Ø§Ù„Ø¯ÙˆÙ„ÙŠ,Dubai International Airport,Ù…Ø­Ø·Ø© Ù…ØªØ±Ùˆ Ø§Ù„ÙÙ‡ÙŠØ¯ÙŠ,Al Fahidi Metro Station,Ù…ÙˆÙ„ Ø¯Ø¨ÙŠ,Dubai Mall,,,0,836.13,20000000,23919.73,null,null,2,1,0,,
1-11-2005-674,11,1,Ù…Ø¨Ø§ÙŠØ¹Ø§Øª,Sales,Ø¨ÙŠØ¹,Sell,07/03/2005,4,ÙÙŠÙ„Ø§,Villa,null,,,Ø³ÙƒÙ†ÙŠ,Residential,1,Ø§Ù„Ø¹Ù‚Ø§Ø±Ø§Øª Ø§Ù„Ù‚Ø§Ø¦Ù…Ø©,Existing Properties,306,Ø§Ù„Ø·ÙˆØ§Ø± Ø§Ù„Ø±Ø§Ø¨Ø¹Ø©,Al Twar Fourth,,,null,,,,,Ù…Ø·Ø§Ø± Ø¯Ø¨ÙŠ Ø§Ù„Ø¯ÙˆÙ„ÙŠ,Dubai International Airport,Ù…Ø­Ø·Ø© Ù…ØªØ±Ùˆ Ø§Ù„Ù‚ØµÙŠØµ,Al Qusais Metro Station,Ø³ÙŠØªÙŠ Ø³Ù†ØªØ± Ù…Ø±Ø¯Ù,City Centre Mirdif,,,0,696.77,2400000,3444.47,null,null,1,1,0,,
2-43-2016-25,43,2,Ø±Ù‡ÙˆÙ†,Mortgages,ØªØ³Ø¬ÙŠÙ„ Ø±Ù‡Ù† Ù…Ø­Ø§ÙØ¸,Portfolio Mortgage Registration,06/04/2016,1,Ø£Ø±Ø¶,Land,null,,,Ø³ÙƒÙ†ÙŠ / ØªØ¬Ø§Ø±ÙŠ,Residential / Commercial,1,Ø§Ù„Ø¹Ù‚Ø§Ø±Ø§Øª Ø§Ù„Ù‚Ø§Ø¦Ù…Ø©,Existing Properties,233,Ù‡ÙˆØ± Ø§Ù„Ø¹Ù†Ø²,Hor Al Anz,,,null,,,,,Ù…Ø·Ø§Ø± Ø¯Ø¨ÙŠ Ø§Ù„Ø¯ÙˆÙ„ÙŠ,Dubai International Airport,Ù…Ø­Ø·Ø© Ù…ØªØ±Ùˆ Ø£Ø¨Ùˆ Ø¨ÙƒØ± Ø§Ù„ØµØ¯ÙŠÙ‚,Abu Baker Al Siddique Metro Station,,,,,0,2244.44,1500000000,668318.16,null,null,5,1,0,,
2-13-2005-1139,13,2,Ø±Ù‡ÙˆÙ†,Mortgages,ØªØ³Ø¬ÙŠÙ„ Ø±Ù‡Ù†,Mortgage Registration,12/12/2005,4,ÙÙŠÙ„Ø§,Villa,null,,,Ø³ÙƒÙ†ÙŠ,Residential,1,Ø§Ù„Ø¹Ù‚Ø§Ø±Ø§Øª Ø§Ù„Ù‚Ø§Ø¦Ù…Ø©,Existing Properties,393,Ø§Ù„Ø¨Ø±Ø´Ø§Ø¡ Ø§Ù„Ø«Ø§Ù†ÙŠÙ‡,Al Barsha Second,,,null,,,,,Ø¨Ø±Ø¬ Ø§Ù„Ø¹Ø±Ø¨,Burj Al Arab,Ù…Ø­Ø·Ø© Ù…ØªØ±Ùˆ Ø´Ø±Ù Ø¯ÙŠ Ø¬ÙŠ,Sharaf Dg Metro Station,Ù…ÙˆÙ„ Ø§Ù„Ø¥Ù…Ø§Ø±Ø§Øª,Mall of the Emirates,,,0,1393.55,500000,358.8,null,null,1,1,0,,
3-9-2024-1315,9,3,Ù‡Ø¨Ø§Øª,Gifts,Ù‡Ø¨Ù‡,Grant,19/03/2024,4,ÙÙŠÙ„Ø§,Villa,null,,,Ø³ÙƒÙ†ÙŠ,Residential,1,Ø§Ù„Ø¹Ù‚Ø§Ø±Ø§Øª Ø§Ù„Ù‚Ø§Ø¦Ù…Ø©,Existing Properties,304,Ø§Ù… Ø³Ù‚ÙŠÙ… Ø§Ù„Ø«Ø§Ù†ÙŠÙ‡,Um Suqaim Second,,,null,,,,,Ø¨Ø±Ø¬ Ø§Ù„Ø¹Ø±Ø¨,Burj Al Arab,Ù…Ø­Ø·Ø© Ù…ØªØ±Ùˆ Ù†ÙˆØ± Ø¨Ù†Ùƒ,Noor Bank Metro Station,Ù…ÙˆÙ„ Ø§Ù„Ø¥Ù…Ø§Ø±Ø§Øª,Mall of the Emirates,,,0,479.03,5121846,10692.12,null,null,1,1,0,,
2-13-2005-144,13,2,Ø±Ù‡ÙˆÙ†,Mortgages,ØªØ³Ø¬ÙŠÙ„ Ø±Ù‡Ù†,Mortgage Registration,23/02/2005,4,ÙÙŠÙ„Ø§,Villa,null,,,Ø³ÙƒÙ†ÙŠ,Residential,1,Ø§Ù„Ø¹Ù‚Ø§Ø±Ø§Øª Ø§Ù„Ù‚Ø§Ø¦Ù…Ø©,Existing Properties,312,Ù…Ø­ÙŠØµÙ†Ù‡ Ø§Ù„Ø§ÙˆÙ„Ù‰,Muhaisanah First,,,null,,,,,Ù…Ø·Ø§Ø± Ø¯Ø¨ÙŠ Ø§Ù„Ø¯ÙˆÙ„ÙŠ,Dubai International Airport,Ù…Ø­Ø·Ø© Ù…ØªØ±Ùˆ Ø§ØªØµØ§Ù„Ø§Øª,Etisalat Metro Station,Ø³ÙŠØªÙŠ Ø³Ù†ØªØ± Ù…Ø±Ø¯Ù,City Centre Mirdif,,,0,1393.55,498900,358.01,null,null,1,1,0,,
2-13-2003-213,13,2,Ø±Ù‡ÙˆÙ†,Mortgages,ØªØ³Ø¬ÙŠÙ„ Ø±Ù‡Ù†,Mortgage Registration,24/03/2003,4,ÙÙŠÙ„Ø§,Villa,null,,,Ø³ÙƒÙ†ÙŠ,Residential,1,Ø§Ù„Ø¹Ù‚Ø§Ø±Ø§Øª Ø§Ù„Ù‚Ø§Ø¦Ù…Ø©,Existing Properties,303,Ø§Ù… Ø³Ù‚ÙŠÙ… Ø§Ù„Ø§ÙˆÙ„Ù‰,Um Suqaim First,,,null,,,,,Ø¨Ø±Ø¬ Ø§Ù„Ø¹Ø±Ø¨,Burj Al Arab,Ù…Ø­Ø·Ø© Ù…ØªØ±Ùˆ Ù†ÙˆØ± Ø¨Ù†Ùƒ,Noor Bank Metro Station,Ù…ÙˆÙ„ Ø§Ù„Ø¥Ù…Ø§Ø±Ø§Øª,Mall of the Emirates,,,0,929.03,2915804,3138.55,null,null,1,1,0,,
1-11-2019-3711,11,1,Ù…Ø¨Ø§ÙŠØ¹Ø§Øª,Sales,Ø¨ÙŠØ¹,Sell,16/04/2019,1,Ø£Ø±Ø¶,Land,null,,,Ø³ÙƒÙ†ÙŠ,Residential,1,Ø§Ù„Ø¹Ù‚Ø§Ø±Ø§Øª Ø§Ù„Ù‚Ø§Ø¦Ù…Ø©,Existing Properties,375,Ø¬Ù…ÙŠØ±Ø§ Ø§Ù„Ø«Ø§Ù†ÙŠÙ‡,Jumeirah Second,,,null,,,,,Ø¨Ø±Ø¬ Ø®Ù„ÙŠÙØ©,Burj Khalifa,Ù…Ø­Ø·Ø© Ù…ØªØ±Ùˆ Ø§Ù„Ø®Ù„ÙŠØ¬ Ø§Ù„ØªØ¬Ø§Ø±ÙŠ,Business Bay Metro Station,Ù…ÙˆÙ„ Ø¯Ø¨ÙŠ,Dubai Mall,,,0,1282.06,6500000,5069.97,null,null,1,1,0,,
2-13-1999-1022,13,2,Ø±Ù‡ÙˆÙ†,Mortgages,ØªØ³Ø¬ÙŠÙ„ Ø±Ù‡Ù†,Mortgage Registration,05/07/1999,4,ÙÙŠÙ„Ø§,Villa,null,,,Ø³ÙƒÙ†ÙŠ,Residential,1,Ø§Ù„Ø¹Ù‚Ø§Ø±Ø§Øª Ø§Ù„Ù‚Ø§Ø¦Ù…Ø©,Existing Properties,264,Ù†Ø¯ Ø§Ù„Ø­Ù…Ø±,Nad Al Hamar,,,null,,,,,Ù…Ø·Ø§Ø± Ø¯Ø¨ÙŠ Ø§Ù„Ø¯ÙˆÙ„ÙŠ,Dubai International Airport,Ù…Ø­Ø·Ø© Ù…ØªØ±Ùˆ Ø§Ù„Ø±Ø§Ø´Ø¯ÙŠØ©,Rashidiya Metro Station,Ø³ÙŠØªÙŠ Ø³Ù†ØªØ± Ù…Ø±Ø¯Ù,City Centre Mirdif,,,0,1456.72,500000,343.24,null,null,1,1,0,,
2-13-1995-3,13,2,Ø±Ù‡ÙˆÙ†,Mortgages,ØªØ³Ø¬ÙŠÙ„ Ø±Ù‡Ù†,Mortgage Registration,03/07/1995,4,ÙÙŠÙ„Ø§,Villa,null,,,Ø³ÙƒÙ†ÙŠ,Residential,1,Ø§Ù„Ø¹Ù‚Ø§Ø±Ø§Øª Ø§Ù„Ù‚Ø§Ø¦Ù…Ø©,Existing Properties,375,Ø¬Ù…ÙŠØ±Ø§ Ø§Ù„Ø«Ø§Ù†ÙŠÙ‡,Jumeirah Second,,,null,,,,,Ø¨Ø±Ø¬ Ø®Ù„ÙŠÙØ©,Burj Khalifa,Ù…Ø­Ø·Ø© Ù…ØªØ±Ùˆ Ø§Ù„Ø®Ù„ÙŠØ¬ Ø§Ù„ØªØ¬Ø§Ø±ÙŠ,Business Bay Metro Station,Ù…ÙˆÙ„ Ø¯Ø¨ÙŠ,Dubai Mall,,,0,1532.16,1200000,783.21,null,null,1,1,0,,
2-13-2000-705,13,2,Ø±Ù‡ÙˆÙ†,Mortgages,ØªØ³Ø¬ÙŠÙ„ Ø±Ù‡Ù†,Mortgage Registration,07/08/2000,4,ÙÙŠÙ„Ø§,Villa,null,,,Ø³ÙƒÙ†ÙŠ,Residential,1,Ø§Ù„Ø¹Ù‚Ø§Ø±Ø§Øª Ø§Ù„Ù‚Ø§Ø¦Ù…Ø©,Existing Properties,354,Ø§Ù„ÙˆØ±Ù‚Ø§Ø¡ Ø§Ù„Ø«Ø§Ù†ÙŠÙ‡,Al Warqa Second,,,null,,,,,Ù…Ø·Ø§Ø± Ø¯Ø¨ÙŠ Ø§Ù„Ø¯ÙˆÙ„ÙŠ,Dubai International Airport,Ù…Ø­Ø·Ø© Ù…ØªØ±Ùˆ Ø§Ù„Ø±Ø§Ø´Ø¯ÙŠØ©,Rashidiya Metro Station,Ø³ÙŠØªÙŠ Ø³Ù†ØªØ± Ù…Ø±Ø¯Ù,City Centre Mirdif,,,0,1113.44,500000,449.06,null,null,1,1,0,,
2-14-2008-247,14,2,Ø±Ù‡ÙˆÙ†,Mortgages,ØªØ¹Ø¯ÙŠÙ„ Ø±Ù‡Ù†,Modify Mortgage,26/05/2008,4,ÙÙŠÙ„Ø§,Villa,null,,,Ø³ÙƒÙ†ÙŠ / ØªØ¬Ø§Ø±ÙŠ,Residential / Commercial,1,Ø§Ù„Ø¹Ù‚Ø§Ø±Ø§Øª Ø§Ù„Ù‚Ø§Ø¦Ù…Ø©,Existing Properties,317,Ø¬Ù…ÙŠØ±Ø§ Ø§Ù„Ø§ÙˆÙ„Ù‰,Jumeirah First,,,null,,,,,Ø¨Ø±Ø¬ Ø®Ù„ÙŠÙØ©,Burj Khalifa,Ù…Ø­Ø·Ø© Ù…ØªØ±Ùˆ Ø§Ù„Ù…Ø±ÙƒØ² Ø§Ù„ØªØ¬Ø§Ø±ÙŠ,Trade Centre Metro Station,Ù…ÙˆÙ„ Ø¯Ø¨ÙŠ,Dubai Mall,,,0,1858.06,9500000,5112.86,null,null,2,1,0,,
2-13-2008-907,13,2,Ø±Ù‡ÙˆÙ†,Mortgages,ØªØ³Ø¬ÙŠÙ„ Ø±Ù‡Ù†,Mortgage Registration,08/05/2008,4,ÙÙŠÙ„Ø§,Villa,null,,,Ø³ÙƒÙ†ÙŠ,Residential,1,Ø§Ù„Ø¹Ù‚Ø§Ø±Ø§Øª Ø§Ù„Ù‚Ø§Ø¦Ù…Ø©,Existing Properties,316,Ø§Ù„Ù…Ø²Ù‡Ø± Ø§Ù„Ø§ÙˆÙ„Ù‰,Al Mizhar First,,,null,,,,,Ù…Ø·Ø§Ø± Ø¯Ø¨ÙŠ Ø§Ù„Ø¯ÙˆÙ„ÙŠ,Dubai International Airport,Ù…Ø­Ø·Ø© Ù…ØªØ±Ùˆ Ø§ØªØµØ§Ù„Ø§Øª,Etisalat Metro Station,Ø³ÙŠØªÙŠ Ø³Ù†ØªØ± Ù…Ø±Ø¯Ù,City Centre Mirdif,,,0,1854.16,750000,404.5,null,null,1,1,0,,
1-11-2001-185,11,1,Ù…Ø¨Ø§ÙŠØ¹Ø§Øª,Sales,Ø¨ÙŠØ¹,Sell,27/02/2001,4,ÙÙŠÙ„Ø§,Villa,null,,,Ø³ÙƒÙ†ÙŠ,Residential,1,Ø§Ù„Ø¹Ù‚Ø§Ø±Ø§Øª Ø§Ù„Ù‚Ø§Ø¦Ù…Ø©,Existing Properties,369,Ø§Ù„Ø¨Ø±Ø´Ø§Ø¡ Ø§Ù„Ø«Ø§Ù„Ø«Ù‡,Al Barsha Third,,,null,,,,,Ø¨Ø±Ø¬ Ø§Ù„Ø¹Ø±Ø¨,Burj Al Arab,Ù…Ø¯ÙŠÙ†Ø© Ø¯Ø¨ÙŠ Ù„Ù„Ø¥Ù†ØªØ±Ù†Øª,Dubai Internet City,Ù…ÙˆÙ„ Ø§Ù„Ø¥Ù…Ø§Ø±Ø§Øª,Mall of the Emirates,,,0,1463.22,567000,387.5,null,null,1,1,0,,
1-11-2015-8658,11,1,Ù…Ø¨Ø§ÙŠØ¹Ø§Øª,Sales,Ø¨ÙŠØ¹,Sell,27/05/2015,2,Ù…Ø¨Ù†Ù‰,Building,null,,,Ø³ÙƒÙ†ÙŠ,Residential,1,Ø§Ù„Ø¹Ù‚Ø§Ø±Ø§Øª Ø§Ù„Ù‚Ø§Ø¦Ù…Ø©,Existing Properties,316,Ø§Ù„Ù…Ø²Ù‡Ø± Ø§Ù„Ø§ÙˆÙ„Ù‰,Al Mizhar First,,,null,,,,,Ù…Ø·Ø§Ø± Ø¯Ø¨ÙŠ Ø§Ù„Ø¯ÙˆÙ„ÙŠ,Dubai International Airport,Ù…Ø­Ø·Ø© Ù…ØªØ±Ùˆ Ø§ØªØµØ§Ù„Ø§Øª,Etisalat Metro Station,Ø³ÙŠØªÙŠ Ø³Ù†ØªØ± Ù…Ø±Ø¯Ù,City Centre Mirdif,,,0,1975.86,7500000,3795.82,null,null,1,1,0,,
1-11-2001-354,11,1,Ù…Ø¨Ø§ÙŠØ¹Ø§Øª,Sales,Ø¨ÙŠØ¹,Sell,16/04/2001,4,ÙÙŠÙ„Ø§,Villa,null,,,Ø³ÙƒÙ†ÙŠ,Residential,1,Ø§Ù„Ø¹Ù‚Ø§Ø±Ø§Øª Ø§Ù„Ù‚Ø§Ø¦Ù…Ø©,Existing Properties,315,Ø§Ù„Ù…Ù†Ø§Ø±Ù‡,Al Manara,,,null,,,,,Ø¨Ø±Ø¬ Ø§Ù„Ø¹Ø±Ø¨,Burj Al Arab,Ù…Ø­Ø·Ø© Ù…ØªØ±Ùˆ Ù†ÙˆØ± Ø¨Ù†Ùƒ,Noor Bank Metro Station,Ù…ÙˆÙ„ Ø§Ù„Ø¥Ù…Ø§Ø±Ø§Øª,Mall of the Emirates,,,0,1858.06,1100000,592.02,null,null,1,2,0,,
1-11-2014-10616,11,1,Ù…Ø¨Ø§ÙŠØ¹Ø§Øª,Sales,Ø¨ÙŠØ¹,Sell,16/04/2014,2,Ù…Ø¨Ù†Ù‰,Building,null,,,Ø³ÙƒÙ†ÙŠ,Residential,1,Ø§Ù„Ø¹Ù‚Ø§Ø±Ø§Øª Ø§Ù„Ù‚Ø§Ø¦Ù…Ø©,Existing Properties,354,Ø§Ù„ÙˆØ±Ù‚Ø§Ø¡ Ø§Ù„Ø«Ø§Ù†ÙŠÙ‡,Al Warqa Second,,,null,,,,,Ù…Ø·Ø§Ø± Ø¯Ø¨ÙŠ Ø§Ù„Ø¯ÙˆÙ„ÙŠ,Dubai International Airport,Ù…Ø­Ø·Ø© Ù…ØªØ±Ùˆ Ø§Ù„Ø±Ø§Ø´Ø¯ÙŠØ©,Rashidiya Metro Station,Ø³ÙŠØªÙŠ Ø³Ù†ØªØ± Ù…Ø±Ø¯Ù,City Centre Mirdif,,,0,1277.69,2750588,2152.78,null,null,5,2,0,,
2-13-2014-4023,13,2,Ø±Ù‡ÙˆÙ†,Mortgages,ØªØ³Ø¬ÙŠÙ„ Ø±Ù‡Ù†,Mortgage Registration,19/05/2014,4,ÙÙŠÙ„Ø§,Villa,null,,,Ø³ÙƒÙ†ÙŠ,Residential,1,Ø§Ù„Ø¹Ù‚Ø§Ø±Ø§Øª Ø§Ù„Ù‚Ø§Ø¦Ù…Ø©,Existing Properties,393,Ø§Ù„Ø¨Ø±Ø´Ø§Ø¡ Ø§Ù„Ø«Ø§Ù†ÙŠÙ‡,Al Barsha Second,,,null,,,,,Ø¨Ø±Ø¬ Ø§Ù„Ø¹Ø±Ø¨,Burj Al Arab,Ù…Ø­Ø·Ø© Ù…ØªØ±Ùˆ Ø´Ø±Ù Ø¯ÙŠ Ø¬ÙŠ,Sharaf Dg Metro Station,Ù…ÙˆÙ„ Ø§Ù„Ø¥Ù…Ø§Ø±Ø§Øª,Mall of the Emirates,,,0,1393.55,750000,538.19,null,null,1,1,0,,
1-11-1999-288,11,1,Ù…Ø¨Ø§ÙŠØ¹Ø§Øª,Sales,Ø¨ÙŠØ¹,Sell,17/05/1999,4,ÙÙŠÙ„Ø§,Villa,null,,,Ø³ÙƒÙ†ÙŠ,Residential,1,Ø§Ù„Ø¹Ù‚Ø§Ø±Ø§Øª Ø§Ù„Ù‚Ø§Ø¦Ù…Ø©,Existing Properties,232,Ù…Ø±Ø¯Ù,Mirdif,,,null,,,,,Ù…Ø·Ø§Ø± Ø¯Ø¨ÙŠ Ø§Ù„Ø¯ÙˆÙ„ÙŠ,Dubai International Airport,Ù…Ø­Ø·Ø© Ù…ØªØ±Ùˆ Ø§Ù„Ø±Ø§Ø´Ø¯ÙŠØ©,Rashidiya Metro Station,Ø³ÙŠØªÙŠ Ø³Ù†ØªØ± Ù…Ø±Ø¯Ù,City Centre Mirdif,,,0,905.8,1000000,1104,null,null,1,1,0,,
3-9-2019-440,9,3,Ù‡Ø¨Ø§Øª,Gifts,Ù‡Ø¨Ù‡,Grant,18/02/2019,4,ÙÙŠÙ„Ø§,Villa,null,,,Ø³ÙƒÙ†ÙŠ,Residential,1,Ø§Ù„Ø¹Ù‚Ø§Ø±Ø§Øª Ø§Ù„Ù‚Ø§Ø¦Ù…Ø©,Existing Properties,304,Ø§Ù… Ø³Ù‚ÙŠÙ… Ø§Ù„Ø«Ø§Ù†ÙŠÙ‡,Um Suqaim Second,,,null,,,,,Ø¨Ø±Ø¬ Ø§Ù„Ø¹Ø±Ø¨,Burj Al Arab,Ù…Ø­Ø·Ø© Ù…ØªØ±Ùˆ Ø¨Ù†Ùƒ Ø£Ø¨ÙˆØ¸Ø¨ÙŠ Ø§Ù„Ø£ÙˆÙ„,First Abu Dhabi Bank Metro Station,Ù…ÙˆÙ„ Ø§Ù„Ø¥Ù…Ø§Ø±Ø§Øª,Mall of the Emirates,,,0,594.58,5000000,8409.3,null,null,1,1,0,,
3-9-2006-162,9,3,Ù‡Ø¨Ø§Øª,Gifts,Ù‡Ø¨Ù‡,Grant,06/11/2006,1,Ø£Ø±Ø¶,Land,null,,,Ø³ÙƒÙ†ÙŠ,Residential,1,Ø§Ù„Ø¹Ù‚Ø§Ø±Ø§Øª Ø§Ù„Ù‚Ø§Ø¦Ù…Ø©,Existing Properties,369,Ø§Ù„Ø¨Ø±Ø´Ø§Ø¡ Ø§Ù„Ø«Ø§Ù„Ø«Ù‡,Al Barsha Third,,,null,,,,,Ø£ÙƒØ§Ø¯ÙŠÙ…ÙŠØ© Ø§Ù„Ù…Ø¯ÙŠÙ†Ø© Ø§Ù„Ø±ÙŠØ§Ø¶ÙŠØ© Ù„Ù„Ø³Ø¨Ø§Ø­Ø©,Sports City Swimming Academy,Ù…Ø¯ÙŠÙ†Ø© Ø¯Ø¨ÙŠ Ù„Ù„Ø¥Ù†ØªØ±Ù†Øª,Dubai Internet City,Ù…ÙˆÙ„ Ø§Ù„Ø¥Ù…Ø§Ø±Ø§Øª,Mall of the Emirates,,,0,1393.55,2700000,1937.5,null,null,1,1,0,,
1-11-2020-3161,11,1,Ù…Ø¨Ø§ÙŠØ¹Ø§Øª,Sales,Ø¨ÙŠØ¹,Sell,24/03/2020,1,Ø£Ø±Ø¶,Land,null,,,Ø³ÙƒÙ†ÙŠ,Residential,1,Ø§Ù„Ø¹Ù‚Ø§Ø±Ø§Øª Ø§Ù„Ù‚Ø§Ø¦Ù…Ø©,Existing Properties,357,Ø§Ù„Ø·ÙˆØ§Ø± Ø§Ù„Ø®Ø§Ù…Ø³Ø©,AL TWAR FIFTH,,,null,,,,,Ù…Ø·Ø§Ø± Ø¯Ø¨ÙŠ Ø§Ù„Ø¯ÙˆÙ„ÙŠ,Dubai International Airport,Ù…Ø­Ø·Ø© Ù…ØªØ±Ùˆ Ø§Ù„Ù‚ØµÙŠØµ,Al Qusais Metro Station,Ø³ÙŠØªÙŠ Ø³Ù†ØªØ± Ù…Ø±Ø¯Ù,City Centre Mirdif,,,0,1532.9,2800000,1826.6,null,null,1,1,0,,
2-13-1999-1738,13,2,Ø±Ù‡ÙˆÙ†,Mortgages,ØªØ³Ø¬ÙŠÙ„ Ø±Ù‡Ù†,Mortgage Registration,15/09/1999,4,ÙÙŠÙ„Ø§,Villa,null,,,Ø³ÙƒÙ†ÙŠ,Residential,1,Ø§Ù„Ø¹Ù‚Ø§Ø±Ø§Øª Ø§Ù„Ù‚Ø§Ø¦Ù…Ø©,Existing Properties,311,Ù…Ø­ÙŠØµÙ†Ù‡ Ø§Ù„Ø«Ø§Ù„Ø«Ù‡,Muhaisanah Third,,,null,,,,,Ù…Ø·Ø§Ø± Ø¯Ø¨ÙŠ Ø§Ù„Ø¯ÙˆÙ„ÙŠ,Dubai International Airport,Ù…Ø­Ø·Ø© Ù…ØªØ±Ùˆ Ø§Ù„Ù‚ØµÙŠØµ,Al Qusais Metro Station,Ø³ÙŠØªÙŠ Ø³Ù†ØªØ± Ù…Ø±Ø¯Ù,City Centre Mirdif,,,0,929.03,500000,538.2,null,null,1,1,0,,
2-13-1999-806,13,2,Ø±Ù‡ÙˆÙ†,Mortgages,ØªØ³Ø¬ÙŠÙ„ Ø±Ù‡Ù†,Mortgage Registration,07/06/1999,4,ÙÙŠÙ„Ø§,Villa,null,,,Ø³ÙƒÙ†ÙŠ,Residential,1,Ø§Ù„Ø¹Ù‚Ø§Ø±Ø§Øª Ø§Ù„Ù‚Ø§Ø¦Ù…Ø©,Existing Properties,393,Ø§Ù„Ø¨Ø±Ø´Ø§Ø¡ Ø§Ù„Ø«Ø§Ù†ÙŠÙ‡,Al Barsha Second,,,null,,,,,Ø¨Ø±Ø¬ Ø§Ù„Ø¹Ø±Ø¨,Burj Al Arab,Ù…Ø­Ø·Ø© Ù…ØªØ±Ùˆ Ø´Ø±Ù Ø¯ÙŠ Ø¬ÙŠ,Sharaf Dg Metro Station,Ù…ÙˆÙ„ Ø§Ù„Ø¥Ù…Ø§Ø±Ø§Øª,Mall of the Emirates,,,0,1393.55,500000,358.8,null,null,1,1,0,,
2-13-1999-997,13,2,Ø±Ù‡ÙˆÙ†,Mortgages,ØªØ³Ø¬ÙŠÙ„ Ø±Ù‡Ù†,Mortgage Registration,28/06/1999,4,ÙÙŠÙ„Ø§,Villa,null,,,Ø³ÙƒÙ†ÙŠ,Residential,1,Ø§Ù„Ø¹Ù‚Ø§Ø±Ø§Øª Ø§Ù„Ù‚Ø§Ø¦Ù…Ø©,Existing Properties,393,Ø§Ù„Ø¨Ø±Ø´Ø§Ø¡ Ø§Ù„Ø«Ø§Ù†ÙŠÙ‡,Al Barsha Second,,,null,,,,,Ø¨Ø±Ø¬ Ø§Ù„Ø¹Ø±Ø¨,Burj Al Arab,Ù…Ø­Ø·Ø© Ù…ØªØ±Ùˆ Ø¨Ù†Ùƒ Ø£Ø¨ÙˆØ¸Ø¨ÙŠ Ø§Ù„Ø£ÙˆÙ„,First Abu Dhabi Bank Metro Station,Ù…ÙˆÙ„ Ø§Ù„Ø¥Ù…Ø§Ø±Ø§Øª,Mall of the Emirates,,,0,1393.55,500000,358.8,null,null,1,1,0,,
2-13-2001-284,13,2,Ø±Ù‡ÙˆÙ†,Mortgages,ØªØ³Ø¬ÙŠÙ„ Ø±Ù‡Ù†,Mortgage Registration,07/05/2001,4,ÙÙŠÙ„Ø§,Villa,null,,,Ø³ÙƒÙ†ÙŠ,Residential,1,Ø§Ù„Ø¹Ù‚Ø§Ø±Ø§Øª Ø§Ù„Ù‚Ø§Ø¦Ù…Ø©,Existing Properties,311,Ù…Ø­ÙŠØµÙ†Ù‡ Ø§Ù„Ø«Ø§Ù„Ø«Ù‡,Muhaisanah Third,,,null,,,,,Ù…Ø·Ø§Ø± Ø¯Ø¨ÙŠ Ø§Ù„Ø¯ÙˆÙ„ÙŠ,Dubai International Airport,Ù…Ø­Ø·Ø© Ù…ØªØ±Ùˆ Ø§Ù„Ù‚ØµÙŠØµ,Al Qusais Metro Station,Ø³ÙŠØªÙŠ Ø³Ù†ØªØ± Ù…Ø±Ø¯Ù,City Centre Mirdif,,,0,1393.55,500000,358.8,null,null,1,1,0,,
2-13-1999-969,13,2,Ø±Ù‡ÙˆÙ†,Mortgages,ØªØ³Ø¬ÙŠÙ„ Ø±Ù‡Ù†,Mortgage Registration,21/06/1999,4,ÙÙŠÙ„Ø§,Villa,null,,,Ø³ÙƒÙ†ÙŠ,Residential,1,Ø§Ù„Ø¹Ù‚Ø§Ø±Ø§Øª Ø§Ù„Ù‚Ø§Ø¦Ù…Ø©,Existing Properties,314,Ø§Ù„ØµÙØ§ Ø§Ù„Ø«Ø§Ù†ÙŠÙ‡,Al Saffa Second,,,null,,,,,Ø¨Ø±Ø¬ Ø§Ù„Ø¹Ø±Ø¨,Burj Al Arab,Ù…Ø­Ø·Ø© Ù…ØªØ±Ùˆ Ù†ÙˆØ± Ø¨Ù†Ùƒ,Noor Bank Metro Station,Ù…ÙˆÙ„ Ø§Ù„Ø¥Ù…Ø§Ø±Ø§Øª,Mall of the Emirates,,,0,1393.55,500000,358.8,null,null,1,1,0,,
2-13-1999-967,13,2,Ø±Ù‡ÙˆÙ†,Mortgages,ØªØ³Ø¬ÙŠÙ„ Ø±Ù‡Ù†,Mortgage Registration,21/06/1999,4,ÙÙŠÙ„Ø§,Villa,null,,,Ø³ÙƒÙ†ÙŠ,Residential,1,Ø§Ù„Ø¹Ù‚Ø§Ø±Ø§Øª Ø§Ù„Ù‚Ø§Ø¦Ù…Ø©,Existing Properties,314,Ø§Ù„ØµÙØ§ Ø§Ù„Ø«Ø§Ù†ÙŠÙ‡,Al Saffa Second,,,null,,,,,Ø¨Ø±Ø¬ Ø§Ù„Ø¹Ø±Ø¨,Burj Al Arab,Ù…Ø­Ø·Ø© Ù…ØªØ±Ùˆ Ù†ÙˆØ± Ø¨Ù†Ùƒ,Noor Bank Metro Station,Ù…ÙˆÙ„ Ø§Ù„Ø¥Ù…Ø§Ø±Ø§Øª,Mall of the Emirates,,,0,1393.55,500000,358.8,null,null,1,1,0,,
2-13-2009-2586,13,2,Ø±Ù‡ÙˆÙ†,Mortgages,ØªØ³Ø¬ÙŠÙ„ Ø±Ù‡Ù†,Mortgage Registration,18/11/2009,4,ÙÙŠÙ„Ø§,Villa,null,,,Ø³ÙƒÙ†ÙŠ,Residential,1,Ø§Ù„Ø¹Ù‚Ø§Ø±Ø§Øª Ø§Ù„Ù‚Ø§Ø¦Ù…Ø©,Existing Properties,298,Ø§Ù„ÙˆØ±Ù‚Ø§Ø¡ Ø§Ù„Ø«Ø§Ù„Ø«Ù‡,Al Warqa Third,,,null,,,,,Ù…Ø·Ø§Ø± Ø¯Ø¨ÙŠ Ø§Ù„Ø¯ÙˆÙ„ÙŠ,Dubai International Airport,Ù…Ø­Ø·Ø© Ù…ØªØ±Ùˆ Ø§Ù„Ø±Ø§Ø´Ø¯ÙŠØ©,Rashidiya Metro Station,Ø³ÙŠØªÙŠ Ø³Ù†ØªØ± Ù…Ø±Ø¯Ù,City Centre Mirdif,,,0,1126.63,750000,665.7,null,null,1,1,0,,
2-13-2006-137,13,2,Ø±Ù‡ÙˆÙ†,Mortgages,ØªØ³Ø¬ÙŠÙ„ Ø±Ù‡Ù†,Mortgage Registration,22/02/2006,4,ÙÙŠÙ„Ø§,Villa,null,,,Ø³ÙƒÙ†ÙŠ,Residential,1,Ø§Ù„Ø¹Ù‚Ø§Ø±Ø§Øª Ø§Ù„Ù‚Ø§Ø¦Ù…Ø©,Existing Properties,298,Ø§Ù„ÙˆØ±Ù‚Ø§Ø¡ Ø§Ù„Ø«Ø§Ù„Ø«Ù‡,Al Warqa Third,,,null,,,,,Ù…Ø·Ø§Ø± Ø¯Ø¨ÙŠ Ø§Ù„Ø¯ÙˆÙ„ÙŠ,Dubai International Airport,Ù…Ø­Ø·Ø© Ù…ØªØ±Ùˆ Ø§Ù„Ø±Ø§Ø´Ø¯ÙŠØ©,Rashidiya Metro Station,Ø³ÙŠØªÙŠ Ø³Ù†ØªØ± Ù…Ø±Ø¯Ù,City Centre Mirdif,,,0,1149.02,750000,652.73,null,null,1,1,0,,
1-11-2012-6326,11,1,Ù…Ø¨Ø§ÙŠØ¹Ø§Øª,Sales,Ø¨ÙŠØ¹,Sell,16/04/2012,4,ÙÙŠÙ„Ø§,Villa,null,,,Ø³ÙƒÙ†ÙŠ,Residential,1,Ø§Ù„Ø¹Ù‚Ø§Ø±Ø§Øª Ø§Ù„Ù‚Ø§Ø¦Ù…Ø©,Existing Properties,233,Ù‡ÙˆØ± Ø§Ù„Ø¹Ù†Ø²,Hor Al Anz,,,null,,,,,Ù…Ø·Ø§Ø± Ø¯Ø¨ÙŠ Ø§Ù„Ø¯ÙˆÙ„ÙŠ,Dubai International Airport,Ù…Ø­Ø·Ø© Ù…ØªØ±Ùˆ Ø£Ø¨Ùˆ Ù‡ÙŠÙ„,Abu Hail Metro Station,Ø³ÙŠØªÙŠ Ø³Ù†ØªØ± Ù…Ø±Ø¯Ù,City Centre Mirdif,,,0,232.26,1250000,5381.9,null,null,1,1,0,,
2-44-2021-1559,44,2,Ø±Ù‡ÙˆÙ†,Mortgages,ØªØ­ÙˆÙŠÙ„ Ø±Ù‡Ù†,Mortgage Transfer,09/03/2021,4,ÙÙŠÙ„Ø§,Villa,null,,,Ø³ÙƒÙ†ÙŠ,Residential,1,Ø§Ù„Ø¹Ù‚Ø§Ø±Ø§Øª Ø§Ù„Ù‚Ø§Ø¦Ù…Ø©,Existing Properties,338,Ø§Ù„Ù‚ÙˆØ² Ø§Ù„Ø§ÙˆÙ„Ù‰,Al Goze First,,,null,,,,,ÙˆØ³Ø· Ù…Ø¯ÙŠÙ†Ø© Ø¯Ø¨ÙŠ,Downtown Dubai,Ù…Ø­Ø·Ø© Ù…ØªØ±Ùˆ Ù†ÙˆØ± Ø¨Ù†Ùƒ,Noor Bank Metro Station,Ù…ÙˆÙ„ Ø¯Ø¨ÙŠ,Dubai Mall,,,0,929.03,2750000,2960.08,null,null,1,1,0,,
2-13-2022-423,13,2,Ø±Ù‡ÙˆÙ†,Mortgages,ØªØ³Ø¬ÙŠÙ„ Ø±Ù‡Ù†,Mortgage Registration,19/01/2022,4,ÙÙŠÙ„Ø§,Villa,null,,,Ø³ÙƒÙ†ÙŠ,Residential,1,Ø§Ù„Ø¹Ù‚Ø§Ø±Ø§Øª Ø§Ù„Ù‚Ø§Ø¦Ù…Ø©,Existing Properties,298,Ø§Ù„ÙˆØ±Ù‚Ø§Ø¡ Ø§Ù„Ø«Ø§Ù„Ø«Ù‡,Al Warqa Third,,,null,,,,,Ù…Ø·Ø§Ø± Ø¯Ø¨ÙŠ Ø§Ù„Ø¯ÙˆÙ„ÙŠ,Dubai International Airport,Ù…Ø­Ø·Ø© Ù…ØªØ±Ùˆ Ø§Ù„Ø±Ø§Ø´Ø¯ÙŠØ©,Rashidiya Metro Station,Ø³ÙŠØªÙŠ Ø³Ù†ØªØ± Ù…Ø±Ø¯Ù,City Centre Mirdif,,,0,1259.39,2800000,2223.3,null,null,1,1,0,,
2-13-2006-958,13,2,Ø±Ù‡ÙˆÙ†,Mortgages,ØªØ³Ø¬ÙŠÙ„ Ø±Ù‡Ù†,Mortgage Registration,24/07/2006,4,ÙÙŠÙ„Ø§,Villa,null,,,Ø³ÙƒÙ†ÙŠ,Residential,1,Ø§Ù„Ø¹Ù‚Ø§Ø±Ø§Øª Ø§Ù„Ù‚Ø§Ø¦Ù…Ø©,Existing Properties,316,Ø§Ù„Ù…Ø²Ù‡Ø± Ø§Ù„Ø§ÙˆÙ„Ù‰,Al Mizhar First,,,null,,,,,Ù…Ø·Ø§Ø± Ø¯Ø¨ÙŠ Ø§Ù„Ø¯ÙˆÙ„ÙŠ,Dubai International Airport,Ù…Ø­Ø·Ø© Ù…ØªØ±Ùˆ Ø§ØªØµØ§Ù„Ø§Øª,Etisalat Metro Station,Ø³ÙŠØªÙŠ Ø³Ù†ØªØ± Ù…Ø±Ø¯Ù,City Centre Mirdif,,,0,1395.03,620000,444.43,null,null,1,1,0,,
2-13-2003-641,13,2,Ø±Ù‡ÙˆÙ†,Mortgages,ØªØ³Ø¬ÙŠÙ„ Ø±Ù‡Ù†,Mortgage Registration,18/08/2003,4,ÙÙŠÙ„Ø§,Villa,null,,,Ø³ÙƒÙ†ÙŠ,Residential,1,Ø§Ù„Ø¹Ù‚Ø§Ø±Ø§Øª Ø§Ù„Ù‚Ø§Ø¦Ù…Ø©,Existing Properties,393,Ø§Ù„Ø¨Ø±Ø´Ø§Ø¡ Ø§Ù„Ø«Ø§Ù†ÙŠÙ‡,Al Barsha Second,,,null,,,,,Ø¨Ø±Ø¬ Ø§Ù„Ø¹Ø±Ø¨,Burj Al Arab,Ù…Ø­Ø·Ø© Ù…ØªØ±Ùˆ Ø´Ø±Ù Ø¯ÙŠ Ø¬ÙŠ,Sharaf Dg Metro Station,Ù…ÙˆÙ„ Ø§Ù„Ø¥Ù…Ø§Ø±Ø§Øª,Mall of the Emirates,,,0,1356.38,1500000,1105.88,null,null,1,1,0,,
1-11-2007-2146,11,1,Ù…Ø¨Ø§ÙŠØ¹Ø§Øª,Sales,Ø¨ÙŠØ¹,Sell,06/08/2007,1,Ø£Ø±Ø¶,Land,null,,,Ø³ÙƒÙ†ÙŠ,Residential,1,Ø§Ù„Ø¹Ù‚Ø§Ø±Ø§Øª Ø§Ù„Ù‚Ø§Ø¦Ù…Ø©,Existing Properties,394,Ø§Ù„Ù…Ø²Ù‡Ø± Ø§Ù„Ø«Ø§Ù†ÙŠÙ‡,Al Mizhar Second,,,null,,,,,Ù…Ø·Ø§Ø± Ø¯Ø¨ÙŠ Ø§Ù„Ø¯ÙˆÙ„ÙŠ,Dubai International Airport,Ù…Ø­Ø·Ø© Ù…ØªØ±Ùˆ Ø§ØªØµØ§Ù„Ø§Øª,Etisalat Metro Station,Ø³ÙŠØªÙŠ Ø³Ù†ØªØ± Ù…Ø±Ø¯Ù,City Centre Mirdif,,,0,1858.06,3000000,1614.59,null,null,1,1,0,,
1-11-2025-8736,11,1,Ù…Ø¨Ø§ÙŠØ¹Ø§Øª,Sales,Ø¨ÙŠØ¹,Sell,03/03/2025,4,ÙÙŠÙ„Ø§,Villa,null,,,Ø³ÙƒÙ†ÙŠ,Residential,1,Ø§Ù„Ø¹Ù‚Ø§Ø±Ø§Øª Ø§Ù„Ù‚Ø§Ø¦Ù…Ø©,Existing Properties,328,Ø§Ù„Ø¬Ø§ÙÙ„ÙŠÙ‡,Al Jafliya,,,null,,,,,Ø¨Ø±Ø¬ Ø®Ù„ÙŠÙØ©,Burj Khalifa,Ù…Ø­Ø·Ø© Ù…ØªØ±Ùˆ Ø§Ù„Ø¬Ø§ÙÙ„ÙŠØ©,Al Jafiliya Metro Station,Ù…ÙˆÙ„ Ø¯Ø¨ÙŠ,Dubai Mall,,,0,34.73,338498,9746.59,null,null,1,2,0,,
2-13-2010-6228,13,2,Ø±Ù‡ÙˆÙ†,Mortgages,ØªØ³Ø¬ÙŠÙ„ Ø±Ù‡Ù†,Mortgage Registration,29/11/2010,2,Ù…Ø¨Ù†Ù‰,Building,null,,,Ø³ÙƒÙ†ÙŠ,Residential,1,Ø§Ù„Ø¹Ù‚Ø§Ø±Ø§Øª Ø§Ù„Ù‚Ø§Ø¦Ù…Ø©,Existing Properties,298,Ø§Ù„ÙˆØ±Ù‚Ø§Ø¡ Ø§Ù„Ø«Ø§Ù„Ø«Ù‡,Al Warqa Third,,,null,,,,,Ù…Ø·Ø§Ø± Ø¯Ø¨ÙŠ Ø§Ù„Ø¯ÙˆÙ„ÙŠ,Dubai International Airport,Ù…Ø­Ø·Ø© Ù…ØªØ±Ùˆ Ø§Ù„Ø±Ø§Ø´Ø¯ÙŠØ©,Rashidiya Metro Station,Ø³ÙŠØªÙŠ Ø³Ù†ØªØ± Ù…Ø±Ø¯Ù,City Centre Mirdif,,,0,1169,750000,641.57,null,null,1,1,0,,
2-13-2010-576,13,2,Ø±Ù‡ÙˆÙ†,Mortgages,ØªØ³Ø¬ÙŠÙ„ Ø±Ù‡Ù†,Mortgage Registration,15/02/2010,4,ÙÙŠÙ„Ø§,Villa,null,,,Ø³ÙƒÙ†ÙŠ,Residential,1,Ø§Ù„Ø¹Ù‚Ø§Ø±Ø§Øª Ø§Ù„Ù‚Ø§Ø¦Ù…Ø©,Existing Properties,354,Ø§Ù„ÙˆØ±Ù‚Ø§Ø¡ Ø§Ù„Ø«Ø§Ù†ÙŠÙ‡,Al Warqa Second,,,null,,,,,Ù…Ø·Ø§Ø± Ø¯Ø¨ÙŠ Ø§Ù„Ø¯ÙˆÙ„ÙŠ,Dubai International Airport,Ù…Ø­Ø·Ø© Ù…ØªØ±Ùˆ Ø§Ù„Ø±Ø§Ø´Ø¯ÙŠØ©,Rashidiya Metro Station,Ø³ÙŠØªÙŠ Ø³Ù†ØªØ± Ù…Ø±Ø¯Ù,City Centre Mirdif,,,0,1102.67,750000,680.17,null,null,1,1,0,,
1-11-2003-1537,11,1,Ù…Ø¨Ø§ÙŠØ¹Ø§Øª,Sales,Ø¨ÙŠØ¹,Sell,15/10/2003,1,Ø£Ø±Ø¶,Land,null,,,Ø³ÙƒÙ†ÙŠ,Residential,1,Ø§Ù„Ø¹Ù‚Ø§Ø±Ø§Øª Ø§Ù„Ù‚Ø§Ø¦Ù…Ø©,Existing Properties,298,Ø§Ù„ÙˆØ±Ù‚Ø§Ø¡ Ø§Ù„Ø«Ø§Ù„Ø«Ù‡,Al Warqa Third,,,null,,,,,,,Ù…Ø­Ø·Ø© Ù…ØªØ±Ùˆ Ø§Ù„Ø±Ø§Ø´Ø¯ÙŠØ©,Rashidiya Metro Station,Ø³ÙŠØªÙŠ Ø³Ù†ØªØ± Ù…Ø±Ø¯Ù,City Centre Mirdif,,,0,1114.74,443963,398.27,null,null,1,1,0,,
2-13-1999-1452,13,2,Ø±Ù‡ÙˆÙ†,Mortgages,ØªØ³Ø¬ÙŠÙ„ Ø±Ù‡Ù†,Mortgage Registration,16/08/1999,4,ÙÙŠÙ„Ø§,Villa,null,,,Ø³ÙƒÙ†ÙŠ,Residential,1,Ø§Ù„Ø¹Ù‚Ø§Ø±Ø§Øª Ø§Ù„Ù‚Ø§Ø¦Ù…Ø©,Existing Properties,358,Ø§Ù„Ø·ÙˆØ§Ø± Ø§Ù„Ø§ÙˆÙ„Ù‰,Al Twar First,,,null,,,,,Ù…Ø·Ø§Ø± Ø¯Ø¨ÙŠ Ø§Ù„Ø¯ÙˆÙ„ÙŠ,Dubai International Airport,Ù…Ø­Ø·Ø© Ù…ØªØ±Ùˆ Ø§Ù„Ø§Ø³ØªØ§Ø¯,STADIUM Metro Station,Ø³ÙŠØªÙŠ Ø³Ù†ØªØ± Ù…Ø±Ø¯Ù,City Centre Mirdif,,,0,1514.32,500000,330.18,null,null,1,1,0,,
2-13-2004-114,13,2,Ø±Ù‡ÙˆÙ†,Mortgages,ØªØ³Ø¬ÙŠÙ„ Ø±Ù‡Ù†,Mortgage Registration,01/03/2004,4,ÙÙŠÙ„Ø§,Villa,null,,,Ø³ÙƒÙ†ÙŠ,Residential,1,Ø§Ù„Ø¹Ù‚Ø§Ø±Ø§Øª Ø§Ù„Ù‚Ø§Ø¦Ù…Ø©,Existing Properties,312,Ù…Ø­ÙŠØµÙ†Ù‡ Ø§Ù„Ø§ÙˆÙ„Ù‰,Muhaisanah First,,,null,,,,,Ù…Ø·Ø§Ø± Ø¯Ø¨ÙŠ Ø§Ù„Ø¯ÙˆÙ„ÙŠ,Dubai International Airport,Ù…Ø­Ø·Ø© Ù…ØªØ±Ùˆ Ø§ØªØµØ§Ù„Ø§Øª,Etisalat Metro Station,Ø³ÙŠØªÙŠ Ø³Ù†ØªØ± Ù…Ø±Ø¯Ù,City Centre Mirdif,,,0,1393.55,500000,358.8,null,null,1,1,0,,
1-11-2024-15485,11,1,Ù…Ø¨Ø§ÙŠØ¹Ø§Øª,Sales,Ø¨ÙŠØ¹,Sell,06/05/2024,2,Ù…Ø¨Ù†Ù‰,Building,null,,,Ø³ÙƒÙ†ÙŠ,Residential,1,Ø§Ù„Ø¹Ù‚Ø§Ø±Ø§Øª Ø§Ù„Ù‚Ø§Ø¦Ù…Ø©,Existing Properties,267,Ø§Ù„Ø±ÙØ§Ø¹Ù‡,Al Raffa,,,null,,,,,Ø¨Ø±Ø¬ Ø®Ù„ÙŠÙØ©,Burj Khalifa,Ù…Ø­Ø·Ø© Ù…ØªØ±Ùˆ Ø¨Ù†Ùƒ Ø£Ø¨ÙˆØ¸Ø¨ÙŠ Ø§Ù„ØªØ¬Ø§Ø±ÙŠ,ADCB Metro Station,Ù…ÙˆÙ„ Ø¯Ø¨ÙŠ,Dubai Mall,,,0,1329.16,28000000,21065.94,null,null,1,1,0,,
2-13-2016-9324,13,2,Ø±Ù‡ÙˆÙ†,Mortgages,ØªØ³Ø¬ÙŠÙ„ Ø±Ù‡Ù†,Mortgage Registration,15/12/2016,2,Ù…Ø¨Ù†Ù‰,Building,null,,,Ø³ÙƒÙ†ÙŠ,Residential,1,Ø§Ù„Ø¹Ù‚Ø§Ø±Ø§Øª Ø§Ù„Ù‚Ø§Ø¦Ù…Ø©,Existing Properties,301,Ø§Ù„Ù†Ù‡Ø¯Ù‡ Ø§Ù„Ø«Ø§Ù†ÙŠÙ‡,Al Nahda Second,,,null,,,,,Ù…Ø·Ø§Ø± Ø¯Ø¨ÙŠ Ø§Ù„Ø¯ÙˆÙ„ÙŠ,Dubai International Airport,Ù…Ø­Ø·Ø© Ù…ØªØ±Ùˆ Ø§Ù„Ø§Ø³ØªØ§Ø¯,STADIUM Metro Station,Ø³ÙŠØªÙŠ Ø³Ù†ØªØ± Ù…Ø±Ø¯Ù,City Centre Mirdif,,,0,1535.04,31000000,20194.91,null,null,1,1,0,,
2-13-1999-1625,13,2,Ø±Ù‡ÙˆÙ†,Mortgages,ØªØ³Ø¬ÙŠÙ„ Ø±Ù‡Ù†,Mortgage Registration,07/09/1999,4,ÙÙŠÙ„Ø§,Villa,null,,,Ø³ÙƒÙ†ÙŠ,Residential,1,Ø§Ù„Ø¹Ù‚Ø§Ø±Ø§Øª Ø§Ù„Ù‚Ø§Ø¦Ù…Ø©,Existing Properties,370,Ø§Ù… Ø³Ù‚ÙŠÙ… Ø§Ù„Ø«Ø§Ù„Ø«Ù‡,Um Suqaim Third,,,null,,,,,Ø¨Ø±Ø¬ Ø§Ù„Ø¹Ø±Ø¨,Burj Al Arab,Ù…Ø­Ø·Ø© Ù…ØªØ±Ùˆ Ø¨Ù†Ùƒ Ø£Ø¨ÙˆØ¸Ø¨ÙŠ Ø§Ù„Ø£ÙˆÙ„,First Abu Dhabi Bank Metro Station,Ù…ÙˆÙ„ Ø§Ù„Ø¥Ù…Ø§Ø±Ø§Øª,Mall of the Emirates,,,0,1393.55,500000,358.8,null,null,1,1,0,,
2-14-2006-258,14,2,Ø±Ù‡ÙˆÙ†,Mortgages,ØªØ¹Ø¯ÙŠÙ„ Ø±Ù‡Ù†,Modify Mortgage,24/07/2006,4,ÙÙŠÙ„Ø§,Villa,null,,,Ø³ÙƒÙ†ÙŠ,Residential,1,Ø§Ù„Ø¹Ù‚Ø§Ø±Ø§Øª Ø§Ù„Ù‚Ø§Ø¦Ù…Ø©,Existing Properties,315,Ø§Ù„Ù…Ù†Ø§Ø±Ù‡,Al Manara,,,null,,,,,Ø¨Ø±Ø¬ Ø§Ù„Ø¹Ø±Ø¨,Burj Al Arab,Ù…Ø­Ø·Ø© Ù…ØªØ±Ùˆ Ù†ÙˆØ± Ø¨Ù†Ùƒ,Noor Bank Metro Station,Ù…ÙˆÙ„ Ø§Ù„Ø¥Ù…Ø§Ø±Ø§Øª,Mall of the Emirates,,,0,1625.8,500000,307.54,null,null,1,1,0,,
2-13-2001-161,13,2,Ø±Ù‡ÙˆÙ†,Mortgages,ØªØ³Ø¬ÙŠÙ„ Ø±Ù‡Ù†,Mortgage Registration,21/03/2001,4,ÙÙŠÙ„Ø§,Villa,null,,,Ø³ÙƒÙ†ÙŠ,Residential,1,Ø§Ù„Ø¹Ù‚Ø§Ø±Ø§Øª Ø§Ù„Ù‚Ø§Ø¦Ù…Ø©,Existing Properties,315,Ø§Ù„Ù…Ù†Ø§Ø±Ù‡,Al Manara,,,null,,,,,Ø¨Ø±Ø¬ Ø§Ù„Ø¹Ø±Ø¨,Burj Al Arab,Ù…Ø­Ø·Ø© Ù…ØªØ±Ùˆ Ù†ÙˆØ± Ø¨Ù†Ùƒ,Noor Bank Metro Station,Ù…ÙˆÙ„ Ø§Ù„Ø¥Ù…Ø§Ø±Ø§Øª,Mall of the Emirates,,,0,1374.96,500000,363.65,null,null,1,1,0,,
2-13-2000-775,13,2,Ø±Ù‡ÙˆÙ†,Mortgages,ØªØ³Ø¬ÙŠÙ„ Ø±Ù‡Ù†,Mortgage Registration,28/08/2000,4,ÙÙŠÙ„Ø§,Villa,null,,,Ø³ÙƒÙ†ÙŠ,Residential,1,Ø§Ù„Ø¹Ù‚Ø§Ø±Ø§Øª Ø§Ù„Ù‚Ø§Ø¦Ù…Ø©,Existing Properties,369,Ø§Ù„Ø¨Ø±Ø´Ø§Ø¡ Ø§Ù„Ø«Ø§Ù„Ø«Ù‡,Al Barsha Third,,,null,,,,,Ø¨Ø±Ø¬ Ø§Ù„Ø¹Ø±Ø¨,Burj Al Arab,Ù…Ø¯ÙŠÙ†Ø© Ø¯Ø¨ÙŠ Ù„Ù„Ø¥Ù†ØªØ±Ù†Øª,Dubai Internet City,Ù…ÙˆÙ„ Ø§Ù„Ø¥Ù…Ø§Ø±Ø§Øª,Mall of the Emirates,,,0,1470.65,500000,339.99,null,null,1,1,0,,
1-11-2021-14588,11,1,Ù…Ø¨Ø§ÙŠØ¹Ø§Øª,Sales,Ø¨ÙŠØ¹,Sell,23/08/2021,4,ÙÙŠÙ„Ø§,Villa,null,,,Ø³ÙƒÙ†ÙŠ,Residential,1,Ø§Ù„Ø¹Ù‚Ø§Ø±Ø§Øª Ø§Ù„Ù‚Ø§Ø¦Ù…Ø©,Existing Properties,318,Ø¬Ù…ÙŠØ±Ø§ Ø§Ù„Ø«Ø§Ù„Ø«Ù‡,Jumeirah Third,,,null,,,,,Ø¨Ø±Ø¬ Ø®Ù„ÙŠÙØ©,Burj Khalifa,Ù…Ø­Ø·Ø© Ù…ØªØ±Ùˆ Ù†ÙˆØ± Ø¨Ù†Ùƒ,Noor Bank Metro Station,Ù…ÙˆÙ„ Ø¯Ø¨ÙŠ,Dubai Mall,,,0,464.52,4800000,10333.25,null,null,1,1,0,,
2-13-2004-557,13,2,Ø±Ù‡ÙˆÙ†,Mortgages,ØªØ³Ø¬ÙŠÙ„ Ø±Ù‡Ù†,Mortgage Registration,07/06/2004,4,ÙÙŠÙ„Ø§,Villa,null,,,Ø³ÙƒÙ†ÙŠ,Residential,1,Ø§Ù„Ø¹Ù‚Ø§Ø±Ø§Øª Ø§Ù„Ù‚Ø§Ø¦Ù…Ø©,Existing Properties,298,Ø§Ù„ÙˆØ±Ù‚Ø§Ø¡ Ø§Ù„Ø«Ø§Ù„Ø«Ù‡,Al Warqa Third,,,null,,,,,Ù…Ø·Ø§Ø± Ø¯Ø¨ÙŠ Ø§Ù„Ø¯ÙˆÙ„ÙŠ,Dubai International Airport,Ù…Ø­Ø·Ø© Ù…ØªØ±Ùˆ Ø§Ù„Ø±Ø§Ø´Ø¯ÙŠØ©,Rashidiya Metro Station,Ø³ÙŠØªÙŠ Ø³Ù†ØªØ± Ù…Ø±Ø¯Ù,City Centre Mirdif,,,0,1151.53,650000,564.47,null,null,1,1,0,,
